bus_id,route_id,timestamp,latitude,longitude,current_speed,historical_avg_speed,historical_delay_minutes,time_slot,nearest_stop_index,destination_stop_index,distance_to_destination_km,effective_speed,eta_minutes
0,0,2024-01-01 06:00:00,22.58656076490561,88.32355563485277,38,40,4.498095607205338,6,1,2,7.932459579115933,39.0,16.701879575076006
0,0,2024-01-01 06:01:00,22.587549865927205,88.32349552388075,36,40,4.498095607205338,6,1,2,8.041240502363733,38.0,17.19479113725334
0,0,2024-01-01 06:02:00,22.58729018332772,88.32252643711381,25,40,4.498095607205338,6,1,2,8.003054122456193,32.5,19.272964756355233
0,0,2024-01-01 06:03:00,22.58695168393706,88.32263196704749,43,40,4.498095607205338,6,1,2,7.9665395710137386,41.5,16.015984143610744
0,0,2024-01-01 06:04:00,22.58787892389124,88.32333798595842,50,40,4.498095607205338,6,1,2,8.07603635808361,45.0,15.266144084650149
0,0,2024-01-01 06:05:00,22.58726074595354,88.3228749356722,40,40,4.498095607205338,6,1,2,8.003055508891713,40.0,16.50267887054291
0,0,2024-01-01 06:06:00,22.586599731446917,88.32298853819712,22,40,4.498095607205338,6,1,2,7.930985854901205,31.0,19.848390810239927
0,0,2024-01-01 06:07:00,22.587288157728366,88.32384857186675,50,40,4.498095607205338,6,1,2,8.016039123364711,45.0,15.186147771691621
0,0,2024-01-01 06:08:00,22.5867059951636,88.3241908589004,43,40,4.498095607205338,6,1,2,7.955492703690422,41.5,16.000012769167395
0,0,2024-01-01 06:09:00,22.58598616319407,88.32422751820512,42,40,4.498095607205338,6,1,2,7.87637265493345,41.0,16.02449461442502
0,0,2024-01-01 06:10:00,22.585631264722547,88.32492485779497,21,40,4.498095607205338,6,1,2,7.845580480574944,30.5,19.93202442145113
0,0,2024-01-01 06:11:00,22.58603623289052,88.32464384009741,28,40,4.498095607205338,6,1,2,7.886825331578827,34.0,18.416022662932676
0,0,2024-01-01 06:12:00,22.585629253177817,88.3244834018103,48,40,4.498095607205338,6,1,2,7.839953786097695,44.0,15.18894167915674
0,0,2024-01-01 06:13:00,22.58585228059955,88.3236465901711,44,40,4.498095607205338,6,1,2,7.855080290636751,42.0,15.719638879543554
0,0,2024-01-01 06:14:00,22.58585531318893,88.32424318052902,26,40,4.498095607205338,6,1,2,7.862096803097851,33.0,18.792817067383247
0,0,2024-01-01 06:15:00,22.584997195022925,88.32403674818345,20,40,4.498095607205338,6,1,2,7.764902197192314,30.0,20.02790000158997
0,0,2024-01-01 06:16:00,22.58577720570656,88.32371273849715,33,40,4.498095607205338,6,1,2,7.847497052194008,36.5,17.39809076149686
0,0,2024-01-01 06:17:00,22.585934935497576,88.32358968674319,47,40,4.498095607205338,6,1,2,7.863608221269125,43.5,15.344451774473097
0,0,2024-01-01 06:18:00,22.585591240832525,88.32289976997664,41,40,4.498095607205338,6,1,2,7.818489519711712,40.5,16.08104304381528
0,0,2024-01-01 06:19:00,22.58577290735366,88.32196077047652,41,40,4.498095607205338,6,1,2,7.829962852724957,40.5,16.098040574205278
0,0,2024-01-01 06:20:00,22.585379438383008,88.32203493533092,25,40,4.498095607205338,6,1,2,7.787007259678666,32.5,18.87410900968903
0,0,2024-01-01 06:21:00,22.58542392490312,88.32257492243711,56,40,4.498095607205338,6,1,2,7.796835165593001,48.0,14.244139564196589
0,0,2024-01-01 06:22:00,22.585338455226346,88.32325896858714,24,40,4.498095607205338,6,1,2,7.79414728977773,32.0,19.112121775538583
0,0,2024-01-01 06:23:00,22.585401164489483,88.32334023883035,51,40,4.498095607205338,6,1,2,7.801930587555606,45.5,14.78635572266328
0,0,2024-01-01 06:24:00,22.585853347156927,88.32429194298928,59,40,4.498095607205338,6,1,2,7.86244654515479,49.5,14.028333843756599
0,0,2024-01-01 06:25:00,22.584935482190463,88.32408958479216,49,40,4.498095607205338,6,1,2,7.758690825988527,44.5,14.959251777077508
0,0,2024-01-01 06:26:00,22.584813425031875,88.32324649755485,38,40,4.498095607205338,6,1,2,7.73593693545268,39.0,16.399537046363307
0,0,2024-01-01 06:27:00,22.584182092380537,88.32240824348808,56,40,4.498095607205338,6,1,2,7.657762638574445,48.0,14.070298905423394
0,0,2024-01-01 06:28:00,22.58455909218207,88.32152463067911,28,40,4.498095607205338,6,1,2,7.6917991782639,34.0,18.07185886296516
0,0,2024-01-01 06:29:00,22.58444379664153,88.32100420539743,20,40,4.498095607205338,6,1,2,7.674969205372097,30.0,19.84803401794953
0,0,2024-01-01 06:30:00,22.584764191394964,88.32056407319132,44,40,4.498095607205338,6,1,2,7.707380844595135,42.0,15.508639670912673
0,0,2024-01-01 06:31:00,22.58479758390982,88.32087829584832,35,40,4.498095607205338,6,1,2,7.713286495163307,37.5,16.839353999466628
0,0,2024-01-01 06:32:00,22.585021025402288,88.32071749597317,24,40,4.498095607205338,6,1,2,7.736931471637715,32.0,19.004842116526053
0,0,2024-01-01 06:33:00,22.58515309982328,88.32003478886845,31,40,4.498095607205338,6,1,2,7.747145680824535,35.5,17.591862955077794
0,0,2024-01-01 06:34:00,22.584181886800536,88.31926693414947,41,40,4.498095607205338,6,1,2,7.635045520652659,40.5,15.809274156320388
0,0,2024-01-01 06:35:00,22.583370200777072,88.31888976076824,24,40,4.498095607205338,6,1,2,7.543067095830599,32.0,18.64134641188771
0,0,2024-01-01 06:36:00,22.583318548435248,88.31808542908955,24,40,4.498095607205338,6,1,2,7.534078370198003,32.0,18.624492551326593
0,0,2024-01-01 06:37:00,22.58326549197681,88.31743183282937,40,40,4.498095607205338,6,1,2,7.526204934032487,40.0,15.787403008254067
0,0,2024-01-01 06:38:00,22.58356503934209,88.31652795067777,49,40,4.498095607205338,6,1,2,7.557761805388985,44.5,14.68833624368487
0,0,2024-01-01 06:39:00,22.58433840011669,88.31604973792444,24,40,4.498095607205338,6,1,2,7.643293966653885,32.0,18.82927179468137
0,0,2024-01-01 06:40:00,22.58459011994812,88.3160560104416,29,40,4.498095607205338,6,1,2,7.671287334081204,34.5,17.839464883868303
0,0,2024-01-01 06:41:00,22.58466887484492,88.31642393798039,20,40,4.498095607205338,6,1,2,7.68036791591627,30.0,19.85883143903788
0,0,2024-01-01 06:42:00,22.58381001233972,88.3167087765368,35,40,4.498095607205338,6,1,2,7.585255565051884,37.5,16.634504511288352
0,0,2024-01-01 06:43:00,22.583981563502267,88.31758923701965,47,40,4.498095607205338,6,1,2,7.606220898544,43.5,14.989434777610855
0,0,2024-01-01 06:44:00,22.584335900187032,88.31773597110299,43,40,4.498095607205338,6,1,2,7.646024751754231,41.5,15.552589224199407
0,0,2024-01-01 06:45:00,22.584252405968016,88.31782720468162,52,40,4.498095607205338,6,1,2,7.637019368444936,46.0,14.459425218220472
0,0,2024-01-01 06:46:00,22.58450428530822,88.31846805836916,56,40,4.498095607205338,6,1,2,7.667261000603634,48.0,14.08217185795988
0,0,2024-01-01 06:47:00,22.58531498659213,88.31785964063874,59,40,4.498095607205338,6,1,2,7.755219676258678,49.5,13.89836188145828
0,0,2024-01-01 06:48:00,22.584744164831548,88.3176141588052,32,40,4.498095607205338,6,1,2,7.691056437032848,36.0,17.316523002260084
0,0,2024-01-01 06:49:00,22.584417273261327,88.31792560407597,54,40,4.498095607205338,6,1,2,7.655652208168089,47.0,14.27126863890928
0,0,2024-01-01 06:50:00,22.585107023883264,88.31697214794744,48,40,4.498095607205338,6,1,2,7.729906627339031,44.0,15.038877371758561
0,0,2024-01-01 06:51:00,22.584628412939736,88.31696422285603,53,40,4.498095607205338,6,1,2,7.676681533062105,46.5,14.403491133737086
0,0,2024-01-01 06:52:00,22.58538335696679,88.31743436494364,30,40,4.498095607205338,6,1,2,7.761635664007871,35.0,17.803756745504543
0,0,2024-01-01 06:53:00,22.58631851806983,88.31753030871013,40,40,4.498095607205338,6,1,2,7.865832780057724,40.0,16.296844777291923
0,0,2024-01-01 06:54:00,22.586819747573117,88.31814397818867,56,40,4.498095607205338,6,1,2,7.9233772647659855,48.0,14.40231718816282
0,0,2024-01-01 06:55:00,22.58664498292693,88.31788801436026,54,40,4.498095607205338,6,1,2,7.903129588963729,47.0,14.587197210137758
0,0,2024-01-01 06:56:00,22.58680607095162,88.31862224757468,58,40,4.498095607205338,6,1,2,7.923629436776555,49.0,14.200498999176629
0,0,2024-01-01 06:57:00,22.587522896455308,88.31848023562944,51,40,4.498095607205338,6,1,2,8.002723808854844,45.5,15.051137992508428
0,0,2024-01-01 06:58:00,22.5880027139762,88.31795670793424,32,40,4.498095607205338,6,1,2,8.054245773991635,36.0,17.921838563858064
0,0,2024-01-01 06:59:00,22.58880781978956,88.31796721267914,49,40,4.498095607205338,6,1,2,8.143761573333617,44.5,15.478448290351787
0,0,2024-01-01 07:00:00,22.588447918991623,88.31875825913613,44,37,5.857229191501718,7,1,2,8.106604425671632,40.5,17.86701352583006
0,0,2024-01-01 07:01:00,22.587469594294586,88.31956902308897,55,37,5.857229191501718,7,1,2,8.001717399946957,46.0,16.294251887084705
0,0,2024-01-01 07:02:00,22.587179404675503,88.32048262485922,31,37,5.857229191501718,7,1,2,7.974841288571746,34.0,19.930478524275387
0,0,2024-01-01 07:03:00,22.588080618969386,88.32062950063548,50,37,5.857229191501718,7,1,2,8.075806502647408,43.5,16.99627264342918
0,0,2024-01-01 07:04:00,22.58797751001334,88.32021592217887,35,37,5.857229191501718,7,1,2,8.061755835824899,36.0,19.29348891787655
0,0,2024-01-01 07:05:00,22.58808491611803,88.31964137796892,44,37,5.857229191501718,7,1,2,8.070428664746208,40.5,17.813419805940544
0,0,2024-01-01 07:06:00,22.588647508218973,88.31886830717296,42,37,5.857229191501718,7,1,2,8.129238817482182,39.5,18.20544005349997
0,0,2024-01-01 07:07:00,22.589639370703036,88.31798004948232,58,37,5.857229191501718,7,1,2,8.236224056611912,47.5,16.260880631432553
0,0,2024-01-01 07:08:00,22.59041477906855,88.31768187950742,54,37,5.857229191501718,7,1,2,8.3215647691371,45.5,16.830721194759434
0,0,2024-01-01 07:09:00,22.591352082956497,88.31805793952776,37,37,5.857229191501718,7,1,2,8.426822752982105,37.0,19.522347169310535
0,0,2024-01-01 07:10:00,22.590554328308745,88.31722615314,36,37,5.857229191501718,7,1,2,8.336007697821339,36.5,19.56025554408474
0,0,2024-01-01 07:11:00,22.589999481143888,88.3170194563439,32,37,5.857229191501718,7,1,2,8.273922685494442,34.5,20.246659948883355
0,0,2024-01-01 07:12:00,22.5904119655982,88.31618215390519,46,37,5.857229191501718,7,1,2,8.31871897289239,41.5,17.88429276676782
0,0,2024-01-01 07:13:00,22.589878421743048,88.31634476473964,56,37,5.857229191501718,7,1,2,8.25953101020253,46.5,16.514688559504982
0,0,2024-01-01 07:14:00,22.590639141680324,88.315818135127,20,37,5.857229191501718,7,1,2,8.343794803024645,28.5,23.423112987343075
0,0,2024-01-01 07:15:00,22.59161114380797,88.31632489149752,26,37,5.857229191501718,7,1,2,8.45217459136187,31.5,21.95660936552433
0,0,2024-01-01 07:16:00,22.592027506199138,88.31628822547344,25,37,5.857229191501718,7,1,2,8.498438015942371,31.0,22.30581889977728
0,0,2024-01-01 07:17:00,22.59187595021763,88.31710093424363,58,37,5.857229191501718,7,1,2,8.482692859051992,47.5,16.572209645041077
0,0,2024-01-01 07:18:00,22.591744853906608,88.31660829859138,58,37,5.857229191501718,7,1,2,8.467347972108355,47.5,16.552826629954374
0,0,2024-01-01 07:19:00,22.591887799957014,88.3170902463132,47,37,5.857229191501718,7,1,2,8.483990396256786,42.0,17.977215471868554
0,0,2024-01-01 07:20:00,22.59112285245057,88.31738866691744,27,37,5.857229191501718,7,1,2,8.399560577905604,32.0,21.606405275074724
0,0,2024-01-01 07:21:00,22.59148493130477,88.31686367986002,20,37,5.857229191501718,7,1,2,8.43881078373698,28.5,23.623146630947993
0,0,2024-01-01 07:22:00,22.592222129561144,88.31631087153706,44,37,5.857229191501718,7,1,2,8.520098021474876,40.5,18.479596630723755
0,0,2024-01-01 07:23:00,22.5928263480592,88.31726667287457,25,37,5.857229191501718,7,1,2,8.588677439267359,31.0,22.480475848148217
0,0,2024-01-01 07:24:00,22.591913149625796,88.31811595953502,40,37,5.857229191501718,7,1,2,8.489361985618869,38.5,19.08740371454411
0,0,2024-01-01 07:25:00,22.59141912996177,88.31850678178124,56,37,5.857229191501718,7,1,2,8.435780181991456,46.5,16.74210684568424
0,0,2024-01-01 07:26:00,22.59075156082559,88.31794039999441,37,37,5.857229191501718,7,1,2,8.359722166617804,37.0,19.413535407638697
0,0,2024-01-01 07:27:00,22.590660642955125,88.31819551615457,34,37,5.857229191501718,7,1,2,8.350412086245116,35.5,19.97060173163431
0,0,2024-01-01 07:28:00,22.591462958976106,88.31728640891525,22,37,5.857229191501718,7,1,2,8.437147542492742,29.5,23.017529277927636
0,0,2024-01-01 07:29:00,22.59238036379092,88.31640213671076,31,37,5.857229191501718,7,1,2,8.537777558527829,34.0,20.923895471256706
0,0,2024-01-01 07:30:00,22.59229167729649,88.31664240190636,57,37,5.857229191501718,7,1,2,8.528190699453832,47.0,16.74428114825129
0,0,2024-01-01 07:31:00,22.59163103710428,88.3169360986297,27,37,5.857229191501718,7,1,2,8.455172545894149,32.0,21.710677715053247
0,0,2024-01-01 07:32:00,22.59133774156033,88.31710341085339,27,37,5.857229191501718,7,1,2,8.422861409438937,32.0,21.650094334199725
0,0,2024-01-01 07:33:00,22.591058431750746,88.3166233105791,47,37,5.857229191501718,7,1,2,8.391046254071442,42.0,17.844438125889493
0,0,2024-01-01 07:34:00,22.591454755178784,88.31669550331179,46,37,5.857229191501718,7,1,2,8.435207629759978,41.5,18.052710101998073
0,0,2024-01-01 07:35:00,22.59127716862053,88.31690106707583,52,37,5.857229191501718,7,1,2,8.415771473215829,44.5,17.20433679583767
0,0,2024-01-01 07:36:00,22.59054353887097,88.31605346783503,48,37,5.857229191501718,7,1,2,8.333264461832226,42.5,17.621837843500153
0,0,2024-01-01 07:37:00,22.59144313869756,88.3165049068518,25,37,5.857229191501718,7,1,2,8.433677554219946,31.0,22.1804760706371
0,0,2024-01-01 07:38:00,22.59127962477014,88.31737036381851,44,37,5.857229191501718,7,1,2,8.416947880096078,40.5,18.326781606458873
0,0,2024-01-01 07:39:00,22.59033235871913,88.31712329055227,24,37,5.857229191501718,7,1,2,8.311125183290587,30.5,22.20698365043402
0,0,2024-01-01 07:40:00,22.590293098882867,88.31809386265361,20,37,5.857229191501718,7,1,2,8.309235638400526,28.5,23.350356851292297
0,0,2024-01-01 07:41:00,22.59048136031357,88.31785564436687,30,37,5.857229191501718,7,1,2,8.32944307290286,33.5,20.775634695208332
0,0,2024-01-01 07:42:00,22.591139688754986,88.3179938073052,41,37,5.857229191501718,7,1,2,8.403020948320222,39.0,18.784953727378984
0,0,2024-01-01 07:43:00,22.591077075074576,88.31782344630987,52,37,5.857229191501718,7,1,2,8.395567493574763,44.5,17.177095474973306
0,0,2024-01-01 07:44:00,22.59010441900423,88.31697416443058,20,37,5.857229191501718,7,1,2,8.285508880560393,28.5,23.300405782155174
0,0,2024-01-01 07:45:00,22.59073022102249,88.31797359977715,47,37,5.857229191501718,7,1,2,8.357449033109818,42.0,17.796442095944315
0,0,2024-01-01 07:46:00,22.59155655252701,88.3181438988418,57,37,5.857229191501718,7,1,2,8.449816903586548,47.0,16.64422949395263
0,0,2024-01-01 07:47:00,22.59207071493109,88.31789959994035,56,37,5.857229191501718,7,1,2,8.506228388997759,46.5,16.83300775795044
0,0,2024-01-01 07:48:00,22.59197180320171,88.31715791877065,40,37,5.857229191501718,7,1,2,8.49345771338943,38.5,19.093786666913815
0,0,2024-01-01 07:49:00,22.591386258499725,88.3179143601056,32,37,5.857229191501718,7,1,2,8.430192541563164,34.5,20.51843361161157
0,0,2024-01-01 07:50:00,22.59162251498064,88.31763068554167,59,37,5.857229191501718,7,1,2,8.455683886317972,48.0,16.426834049399183
0,0,2024-01-01 07:51:00,22.590666884464703,88.31762701591497,27,37,5.857229191501718,7,1,2,8.349445981673403,32.0,21.51244040713935
0,0,2024-01-01 07:52:00,22.590707211466928,88.3183313789156,22,37,5.857229191501718,7,1,2,8.356044413613715,29.5,22.852573761563512
0,0,2024-01-01 07:53:00,22.58988402791366,88.31891501459454,24,37,5.857229191501718,7,1,2,8.266814307198938,30.5,22.119814713860286
0,0,2024-01-01 07:54:00,22.58915205837056,88.31797257994717,36,37,5.857229191501718,7,1,2,8.182038560865971,36.5,19.307155592925234
0,0,2024-01-01 07:55:00,22.589721394898447,88.31825130266111,34,37,5.857229191501718,7,1,2,8.246213609615971,35.5,19.794491630289276
0,0,2024-01-01 07:56:00,22.589147323221464,88.31752404561229,30,37,5.857229191501718,7,1,2,8.180269832413272,33.5,20.50845874209265
0,0,2024-01-01 07:57:00,22.58884849833908,88.317703880986,53,37,5.857229191501718,7,1,2,8.14752069147869,45.0,16.720590113473303
0,0,2024-01-01 07:58:00,22.588958129556165,88.3168858851681,49,37,5.857229191501718,7,1,2,8.157914271431338,43.0,17.240365384196608
0,0,2024-01-01 07:59:00,22.58865464049021,88.31691386414643,53,37,5.857229191501718,7,1,2,8.124219501764161,45.0,16.6895218605206
0,0,2024-01-01 08:00:00,22.58947558304702,88.31650978304951,43,43,4.210779940242304,8,1,2,8.214914689853115,43.0,15.673451600502466
0,0,2024-01-01 08:01:00,22.59037462429433,88.31580393001137,36,43,4.210779940242304,8,1,2,8.314378106615193,39.5,16.840215038898293
0,0,2024-01-01 08:02:00,22.59035885688049,88.31532041878796,36,43,4.210779940242304,8,1,2,8.312647721435034,39.5,16.83758660571324
0,0,2024-01-01 08:03:00,22.589450579413302,88.31556203015681,43,43,4.210779940242304,8,1,2,8.21160338747232,43.0,15.668831178575772
0,0,2024-01-01 08:04:00,22.58910808263388,88.31582883186545,21,43,4.210779940242304,8,1,2,8.173552526341158,32.0,19.536190927131976
0,0,2024-01-01 08:05:00,22.588259809290097,88.31508659130927,30,43,4.210779940242304,8,1,2,8.079366552199248,36.5,17.491930437008193
0,0,2024-01-01 08:06:00,22.587563614677123,88.31436424565456,35,43,4.210779940242304,8,1,2,8.002786919019224,39.0,16.522759815656492
0,0,2024-01-01 08:07:00,22.58692374922182,88.31475724858701,27,43,4.210779940242304,8,1,2,7.9311033772081165,35.0,17.80695715831336
0,0,2024-01-01 08:08:00,22.587717326041638,88.31470517186754,44,43,4.210779940242304,8,1,2,8.019399360938051,43.5,15.27202043808789
0,0,2024-01-01 08:09:00,22.58866354674017,88.31490904265863,48,43,4.210779940242304,8,1,2,8.124397814355211,45.5,14.924271563567858
0,0,2024-01-01 08:10:00,22.589307128013864,88.31459920791427,38,43,4.210779940242304,8,1,2,8.196295074052163,40.5,16.353439309208472
0,0,2024-01-01 08:11:00,22.588484533081377,88.31384047965648,41,43,4.210779940242304,8,1,2,8.106195826027403,42.0,15.791059691710021
0,0,2024-01-01 08:12:00,22.58789720051819,88.31356901937858,31,43,4.210779940242304,8,1,2,8.041578308451363,37.0,17.251177197190458
0,0,2024-01-01 08:13:00,22.58755739954481,88.31321218490794,33,43,4.210779940242304,8,1,2,8.00484538160618,38.0,16.850009490146803
0,0,2024-01-01 08:14:00,22.58815622034263,88.31346798568693,45,43,4.210779940242304,8,1,2,8.070645071810636,44.0,15.2162050381659
0,0,2024-01-01 08:15:00,22.587470175708063,88.31322255761741,49,43,4.210779940242304,8,1,2,7.995118499750007,46.0,14.639195374698835
0,0,2024-01-01 08:16:00,22.58702393100436,88.31383496017699,36,43,4.210779940242304,8,1,2,7.943838367354781,39.5,16.277369865338173
0,0,2024-01-01 08:17:00,22.58639297304307,88.31325365882367,54,43,4.210779940242304,8,1,2,7.875297397433286,48.5,13.953415895829874
0,0,2024-01-01 08:18:00,22.585865206109304,88.31377356964154,41,43,4.210779940242304,8,1,2,7.815176847459782,42.0,15.375318293756278
0,0,2024-01-01 08:19:00,22.58579027554157,88.31426851151781,33,43,4.210779940242304,8,1,2,7.805791968132719,38.0,16.53571462676765
0,0,2024-01-01 08:20:00,22.58508575372538,88.31353474537498,33,43,4.210779940242304,8,1,2,7.729164856630408,38.0,16.41472445071137
0,0,2024-01-01 08:21:00,22.585876167400755,88.31355810025921,22,43,4.210779940242304,8,1,2,7.816957438898472,32.5,18.642085981285636
0,0,2024-01-01 08:22:00,22.585770992134403,88.31362333479213,37,43,4.210779940242304,8,1,2,7.805089646192439,40.0,15.918414409530962
0,0,2024-01-01 08:23:00,22.584980730467468,88.31409814520431,34,43,4.210779940242304,8,1,2,7.716118377696343,38.5,16.23589948989894
0,0,2024-01-01 08:24:00,22.58402087286302,88.31374230353548,47,43,4.210779940242304,8,1,2,7.610236792122053,45.0,14.357762329738375
0,0,2024-01-01 08:25:00,22.583199281520447,88.3138129746635,58,43,4.210779940242304,8,1,2,7.518728471326848,50.5,13.143922678452421
0,0,2024-01-01 08:26:00,22.583980336081925,88.31400015957061,44,43,4.210779940242304,8,1,2,7.605112792948816,43.5,14.700590689137222
0,0,2024-01-01 08:27:00,22.583690544688483,88.3142978052512,23,43,4.210779940242304,8,1,2,7.5722957653210115,33.0,17.978590422644146
0,0,2024-01-01 08:28:00,22.58286438526466,88.31437201833484,37,43,4.210779940242304,8,1,2,7.480313219790101,40.0,15.431249769927456
0,0,2024-01-01 08:29:00,22.58297986979656,88.31454508920416,53,43,4.210779940242304,8,1,2,7.492874782233398,48.0,13.576873418034051
0,0,2024-01-01 08:30:00,22.582737415048463,88.3142199828719,38,43,4.210779940242304,8,1,2,7.466476698669926,40.5,15.272226901234788
0,0,2024-01-01 08:31:00,22.58295252549305,88.31370868918283,45,43,4.210779940242304,8,1,2,7.491568580281694,44.0,14.426555276990069
0,0,2024-01-01 08:32:00,22.58316407513176,88.3131831427663,25,43,4.210779940242304,8,1,2,7.516672029768376,34.0,17.47549528689238
0,0,2024-01-01 08:33:00,22.582614740727188,88.31291385640566,41,43,4.210779940242304,8,1,2,7.456594032934066,42.0,14.863057130148114
0,0,2024-01-01 08:34:00,22.58331637576286,88.31208963165474,23,43,4.210779940242304,8,1,2,7.5381322837778795,33.0,17.91647500165663
0,0,2024-01-01 08:35:00,22.58266312295345,88.312883162504,49,43,4.210779940242304,8,1,2,7.462087376925621,46.0,13.943937388406159
0,0,2024-01-01 08:36:00,22.58271214573259,88.31270395615797,22,43,4.210779940242304,8,1,2,7.468244749786366,32.5,17.99830870907867
0,0,2024-01-01 08:37:00,22.583706656802125,88.31349717668392,55,43,4.210779940242304,8,1,2,7.575984145957235,49.0,13.487495221006265
0,0,2024-01-01 08:38:00,22.58464559766868,88.31422819093571,39,43,4.210779940242304,8,1,2,7.6786042634943374,41.0,15.447761789258408
0,0,2024-01-01 08:39:00,22.58559573199457,88.31420968849423,25,43,4.210779940242304,8,1,2,7.784271449228016,34.0,17.947729556527037
0,0,2024-01-01 08:40:00,22.58593301843441,88.31506844047249,57,43,4.210779940242304,8,1,2,7.8206576704059785,50.0,13.595569144729478
0,0,2024-01-01 08:41:00,22.586003091898505,88.31502167944073,34,43,4.210779940242304,8,1,2,7.828484217298682,38.5,16.411015084084404
0,0,2024-01-01 08:42:00,22.58537717939562,88.31466903791355,24,43,4.210779940242304,8,1,2,7.759249376993002,33.5,18.107943003513352
0,0,2024-01-01 08:43:00,22.5847761932503,88.31514153228095,38,43,4.210779940242304,8,1,2,7.691978209082891,40.5,15.606303212957698
0,0,2024-01-01 08:44:00,22.584005866899776,88.31536277236583,31,43,4.210779940242304,8,1,2,7.60621691368146,37.0,16.54518574621224
0,0,2024-01-01 08:45:00,22.584168343342625,88.31467149779638,57,43,4.210779940242304,8,1,2,7.62484015574087,50.0,13.360588127131347
0,0,2024-01-01 08:46:00,22.58380962772694,88.3148592639915,55,43,4.210779940242304,8,1,2,7.584738180627052,49.0,13.498214447132572
0,0,2024-01-01 08:47:00,22.583482836283327,88.31412809334537,25,43,4.210779940242304,8,1,2,7.54953196504577,34.0,17.53348340797013
0,0,2024-01-01 08:48:00,22.583580680243102,88.31353155427003,42,43,4.210779940242304,8,1,2,7.561881927162701,42.5,14.886377955060235
0,0,2024-01-01 08:49:00,22.58420042913481,88.31304083557956,59,43,4.210779940242304,8,1,2,7.632336578085835,51.0,13.189999443872699
0,0,2024-01-01 08:50:00,22.58320585093364,88.31227422770785,56,43,4.210779940242304,8,1,2,7.524972486903307,49.5,13.331958712246312
0,0,2024-01-01 08:51:00,22.58314900331074,88.31209790953613,34,43,4.210779940242304,8,1,2,7.5195019668899565,38.5,15.929484304226653
0,0,2024-01-01 08:52:00,22.58236240181097,88.31279936445617,49,43,4.210779940242304,8,1,2,7.42900031774435,46.0,13.900780354691456
0,0,2024-01-01 08:53:00,22.583228277945167,88.31378122340908,33,43,4.210779940242304,8,1,2,7.522032000486548,38.0,16.087672572589483
0,0,2024-01-01 08:54:00,22.5825907440775,88.31291421594382,53,43,4.210779940242304,8,1,2,7.453926188504603,48.0,13.528187675873058
0,0,2024-01-01 08:55:00,22.583033937179003,88.31201040523175,59,43,4.210779940242304,8,1,2,7.5071576891057195,51.0,13.042730162719621
0,0,2024-01-01 08:56:00,22.582313481932257,88.31260093985547,48,43,4.210779940242304,8,1,2,7.42438198813709,45.5,14.001173770752752
0,0,2024-01-01 08:57:00,22.582912556194096,88.31325120520886,33,43,4.210779940242304,8,1,2,7.488491363814285,38.0,16.03471367258065
0,0,2024-01-01 08:58:00,22.58354170563456,88.31358159965025,56,43,4.210779940242304,8,1,2,7.557407194402043,49.5,13.371273509214477
0,0,2024-01-01 08:59:00,22.584357437895484,88.31321399281484,45,43,4.210779940242304,8,1,2,7.649194692772607,44.0,14.641499975841313
0,0,2024-01-01 09:00:00,22.58472340202232,88.31311789001744,44,47,6.4633082291801625,9,1,2,7.690187993553275,45.5,16.604215473426237
0,0,2024-01-01 09:01:00,22.58447729088117,88.31304324958877,59,47,6.4633082291801625,9,1,2,7.663095519217332,53.0,15.13851070376582
0,0,2024-01-01 09:02:00,22.584556853005,88.31292073893955,57,47,6.4633082291801625,9,1,2,7.672378014697421,52.0,15.316052092292573
0,0,2024-01-01 09:03:00,22.58402127839529,88.3137198880861,52,47,6.4633082291801625,9,1,2,7.610339906369142,49.5,15.687962661142759
0,0,2024-01-01 09:04:00,22.58410838411752,88.31453283230803,21,47,6.4633082291801625,9,1,2,7.6183649496553425,34.0,19.907481669748414
0,0,2024-01-01 09:05:00,22.583342180198937,88.31541249655525,58,47,6.4633082291801625,9,1,2,7.532403953957218,52.5,15.071769890845554
0,0,2024-01-01 09:06:00,22.583803278472555,88.31579993177006,26,47,6.4633082291801625,9,1,2,7.583679220426746,36.5,18.929630235361117
0,0,2024-01-01 09:07:00,22.5845605367033,88.31579077902286,34,47,6.4633082291801625,9,1,2,7.667879720750007,40.5,17.82313003769869
0,0,2024-01-01 09:08:00,22.585348321869404,88.31636797344531,49,47,6.4633082291801625,9,1,2,7.755853818202184,48.0,16.158125501932894
0,0,2024-01-01 09:09:00,22.58585312810948,88.3167819343678,57,47,6.4633082291801625,9,1,2,7.812527944908392,52.0,15.477763550228307
0,0,2024-01-01 09:10:00,22.586341020694626,88.31584899923726,46,47,6.4633082291801625,9,1,2,7.865877080121337,46.5,16.61282704223995
0,0,2024-01-01 09:11:00,22.586769148859076,88.31583696221152,41,47,6.4633082291801625,9,1,2,7.91347860226747,44.0,17.25441541409035
0,0,2024-01-01 09:12:00,22.586453312356504,88.31647947682086,29,47,6.4633082291801625,9,1,2,7.878839910086526,38.0,18.903581771422047
0,0,2024-01-01 09:13:00,22.58621095548762,88.31639347725942,50,47,6.4633082291801625,9,1,2,7.851796154147298,48.5,16.176870481733523
0,0,2024-01-01 09:14:00,22.58680554621918,88.31569331211412,34,47,6.4633082291801625,9,1,2,7.917494083356227,40.5,18.192929093411607
0,0,2024-01-01 09:15:00,22.58725005135597,88.31613338518721,23,47,6.4633082291801625,9,1,2,7.967103612260469,35.0,20.121200135912396
0,0,2024-01-01 09:16:00,22.587446936758376,88.31626440188187,50,47,6.4633082291801625,9,1,2,7.989099423283024,48.5,16.346730196128235
0,0,2024-01-01 09:17:00,22.58695053487619,88.31595579386888,45,47,6.4633082291801625,9,1,2,7.933694612772199,46.0,16.81160555018738
0,0,2024-01-01 09:18:00,22.58786868446532,88.31564084238323,30,47,6.4633082291801625,9,1,2,8.035704919695167,38.5,18.9864847274064
0,0,2024-01-01 09:19:00,22.587670387298846,88.31556485399052,25,47,6.4633082291801625,9,1,2,8.013654944300274,36.0,19.81939980301395
1,1,2024-01-01 06:00:00,22.594006566349467,88.31453672951764,32,28,7.3959660071720865,6,1,2,8.44029481448752,30.0,24.27655563614713
1,1,2024-01-01 06:01:00,22.59304278671711,88.31528097733553,52,28,7.3959660071720865,6,1,2,8.330011295087107,40.0,19.890982949802748
1,1,2024-01-01 06:02:00,22.59224721204556,88.31611847838005,31,28,7.3959660071720865,6,1,2,8.2387808351304,29.5,24.152808383708496
1,1,2024-01-01 06:03:00,22.593092210807917,88.31653295564867,24,28,7.3959660071720865,6,1,2,8.331647913025119,26.0,26.622845806460823
1,1,2024-01-01 06:04:00,22.592841081547355,88.3156707987274,47,28,7.3959660071720865,6,1,2,8.306181167634506,37.5,20.685855875387297
1,1,2024-01-01 06:05:00,22.59204957547946,88.31635167799136,48,28,7.3959660071720865,6,1,2,8.216182987265093,38.0,20.368886513380126
1,1,2024-01-01 06:06:00,22.59195125422227,88.31557815408304,30,28,7.3959660071720865,6,1,2,8.207614758472221,29.0,24.377237921252544
1,1,2024-01-01 06:07:00,22.591282295243005,88.31495079584202,40,28,7.3959660071720865,6,1,2,8.13577640915162,34.0,21.75321849391024
1,1,2024-01-01 06:08:00,22.59212397900824,88.31569058856614,42,28,7.3959660071720865,6,1,2,8.226419418132718,35.0,21.4983992953996
1,1,2024-01-01 06:09:00,22.592339767795828,88.31544919996291,59,28,7.3959660071720865,6,1,2,8.251255687609223,43.5,18.777008334908945
1,1,2024-01-01 06:10:00,22.59175092741258,88.31602477974035,28,28,7.3959660071720865,6,1,2,8.183891751387986,28.0,24.932876903003482
1,1,2024-01-01 06:11:00,22.59141792575596,88.31582111712753,45,28,7.3959660071720865,6,1,2,8.147516644101412,36.5,20.7891440522703
1,1,2024-01-01 06:12:00,22.59214496203719,88.31666703759113,44,28,7.3959660071720865,6,1,2,8.226045996117973,36.0,21.10604266736871
1,1,2024-01-01 06:13:00,22.59183886844098,88.31714204008735,26,28,7.3959660071720865,6,1,2,8.191139370409,27.0,25.59849794141431
1,1,2024-01-01 06:14:00,22.592013004889253,88.31620773342783,36,28,7.3959660071720865,6,1,2,8.2124986786696,32.0,22.794401029677587
1,1,2024-01-01 06:15:00,22.59216826879744,88.3155387600627,43,28,7.3959660071720865,6,1,2,8.231871690042398,35.5,21.308988581891633
1,1,2024-01-01 06:16:00,22.591791215139704,88.31609975147778,43,28,7.3959660071720865,6,1,2,8.188149687670931,35.5,21.23509223985535
1,1,2024-01-01 06:17:00,22.591231409567865,88.31552511304646,41,28,7.3959660071720865,6,1,2,8.127811918757287,34.5,21.531291083271718
1,1,2024-01-01 06:18:00,22.592182492199232,88.3154430910225,26,28,7.3959660071720865,6,1,2,8.233801438991218,27.0,25.69330253826368
1,1,2024-01-01 06:19:00,22.592011740446686,88.31461379035866,39,28,7.3959660071720865,6,1,2,8.218352203048951,33.5,22.1154027887523
1,1,2024-01-01 06:20:00,22.59201613046735,88.3148045603933,59,28,7.3959660071720865,6,1,2,8.217950955033766,43.5,18.7310707727359
1,1,2024-01-01 06:21:00,22.591810766698263,88.31465813820397,32,28,7.3959660071720865,6,1,2,8.195817885289257,30.0,23.787601777750602
1,1,2024-01-01 06:22:00,22.591509540696364,88.31459460186085,38,28,7.3959660071720865,6,1,2,8.162663780002761,33.0,22.237172879904378
1,1,2024-01-01 06:23:00,22.591453674586585,88.31472428412737,48,28,7.3959660071720865,6,1,2,8.155841473599885,38.0,20.273610439171904
1,1,2024-01-01 06:24:00,22.59104176394503,88.31515240252695,37,28,7.3959660071720865,6,1,2,8.108192831565276,32.5,22.364937388523366
1,1,2024-01-01 06:25:00,22.591110675727545,88.31511457842372,21,28,7.3959660071720865,6,1,2,8.116006835135906,24.5,27.271901113627365
1,1,2024-01-01 06:26:00,22.59122995639016,88.31442505891557,49,28,7.3959660071720865,6,1,2,8.132452295195558,38.5,20.06991763604828
1,1,2024-01-01 06:27:00,22.590898682012774,88.31357606564318,20,28,7.3959660071720865,6,1,2,8.10045953263253,24.0,27.64711483875341
1,1,2024-01-01 06:28:00,22.59064530064534,88.31311755498946,22,28,7.3959660071720865,6,1,2,8.075326965197796,25.0,26.7767507236468
1,1,2024-01-01 06:29:00,22.590462768987532,88.31216832770077,53,28,7.3959660071720865,6,1,2,8.062152400363658,40.5,19.339895489192322
1,1,2024-01-01 06:30:00,22.591142346706448,88.3129023152208,47,28,7.3959660071720865,6,1,2,8.131962658989385,37.5,20.407106261555104
1,1,2024-01-01 06:31:00,22.59019653869145,88.31234625954467,27,28,7.3959660071720865,6,1,2,8.031219858610735,27.5,24.918627516868234
1,1,2024-01-01 06:32:00,22.58958876489084,88.31235727530289,43,28,7.3959660071720865,6,1,2,7.96375171967805,35.5,20.855828068599777
1,1,2024-01-01 06:33:00,22.58879698205481,88.31295710747364,27,28,7.3959660071720865,6,1,2,7.871409213399,27.5,24.569949745497176
1,1,2024-01-01 06:34:00,22.58957190301984,88.3130705506432,22,28,7.3959660071720865,6,1,2,7.956565077778878,25.0,26.49172219384139
1,1,2024-01-01 06:35:00,22.588770785805355,88.3125568950252,27,28,7.3959660071720865,6,1,2,7.871497735833476,27.5,24.570142885354215
1,1,2024-01-01 06:36:00,22.58897718060971,88.31317059532311,33,28,7.3959660071720865,6,1,2,7.889891509166363,30.5,22.917064057991162
1,1,2024-01-01 06:37:00,22.588771547668948,88.31350676559626,35,28,7.3959660071720865,6,1,2,7.864823949923073,31.5,22.376583054644605
1,1,2024-01-01 06:38:00,22.588584332285496,88.31315474571848,40,28,7.3959660071720865,6,1,2,7.846418669546824,34.0,21.242587188725306
1,1,2024-01-01 06:39:00,22.58761033613252,88.31232576278019,37,28,7.3959660071720865,6,1,2,7.744692550751799,32.5,21.69385994702156
1,1,2024-01-01 06:40:00,22.58830659232345,88.31157131655952,42,28,7.3959660071720865,6,1,2,7.828367226652704,35.0,20.816024110005294
1,1,2024-01-01 06:41:00,22.58847267544539,88.31141416566071,38,28,7.3959660071720865,6,1,2,7.848208106385228,33.0,21.665435291508864
1,1,2024-01-01 06:42:00,22.589293923452477,88.3116636882028,21,28,7.3959660071720865,6,1,2,7.936900466769143,24.5,26.833273272729173
1,1,2024-01-01 06:43:00,22.588812770319336,88.31142307301913,30,28,7.3959660071720865,6,1,2,7.885787524022655,29.0,23.711388470667238
1,1,2024-01-01 06:44:00,22.587881226540976,88.31208438203225,42,28,7.3959660071720865,6,1,2,7.776727059882966,35.0,20.727498109828602
1,1,2024-01-01 06:45:00,22.58770004984536,88.31218847639396,56,28,7.3959660071720865,6,1,2,7.755772156890973,42.0,18.475640517016334
1,1,2024-01-01 06:46:00,22.58842218588531,88.31162749744412,53,28,7.3959660071720865,6,1,2,7.840660580295687,40.5,19.01175945946199
1,1,2024-01-01 06:47:00,22.58898170343489,88.31085597329596,41,28,7.3959660071720865,6,1,2,7.909941930762569,34.5,21.152386756324383
1,1,2024-01-01 06:48:00,22.588956565831385,88.31164507774974,49,28,7.3959660071720865,6,1,2,7.899695087638169,38.5,19.70717913076404
1,1,2024-01-01 06:49:00,22.58880699284032,88.31069001636638,51,28,7.3959660071720865,6,1,2,7.892285434697008,39.5,19.38424768012957
1,1,2024-01-01 06:50:00,22.58929036672878,88.3110877080727,33,28,7.3959660071720865,6,1,2,7.941834904616159,30.5,23.01924778674486
1,1,2024-01-01 06:51:00,22.58880614209965,88.31036642022084,44,28,7.3959660071720865,6,1,2,7.89556847109926,36.0,20.55524679233752
1,1,2024-01-01 06:52:00,22.588070694521896,88.31116756482332,23,28,7.3959660071720865,6,1,2,7.806043824819963,25.5,25.763127947924943
1,1,2024-01-01 06:53:00,22.587615309174936,88.31020434617642,53,28,7.3959660071720865,6,1,2,7.765653519729259,40.5,18.90063788825247
1,1,2024-01-01 06:54:00,22.587674632532245,88.31083445503323,37,28,7.3959660071720865,6,1,2,7.7655222437870135,32.5,21.732314764932728
1,1,2024-01-01 06:55:00,22.58680898333208,88.31064495120928,57,28,7.3959660071720865,6,1,2,7.67172818236288,42.5,18.226641088154977
1,1,2024-01-01 06:56:00,22.58746846693949,88.3100577937528,57,28,7.3959660071720865,6,1,2,7.751057464854286,42.5,18.338635369319313
1,1,2024-01-01 06:57:00,22.58674223819963,88.3108578310365,41,28,7.3959660071720865,6,1,2,7.662122788157457,34.5,20.7213969430981
1,1,2024-01-01 06:58:00,22.58720660735655,88.31035929235762,25,28,7.3959660071720865,6,1,2,7.718767679370663,26.5,24.872421130275477
1,1,2024-01-01 06:59:00,22.587353196112907,88.31103550628397,26,28,7.3959660071720865,6,1,2,7.727926097968976,27.0,24.56913511376981
1,1,2024-01-01 07:00:00,22.587119473169405,88.31107334169454,40,45,1.2287721406968566,7,1,2,7.701683047412383,42.5,12.101736442926104
1,1,2024-01-01 07:01:00,22.58645203990692,88.31154940892739,21,45,1.2287721406968566,7,1,2,7.623192903081957,33.0,15.089122873573142
1,1,2024-01-01 07:02:00,22.586994011757987,88.3106859083381,55,45,1.2287721406968566,7,1,2,7.6917622300950805,50.0,10.458886816810953
1,1,2024-01-01 07:03:00,22.586571399231527,88.31039725377103,30,45,1.2287721406968566,7,1,2,7.648122190510658,37.5,13.465767645513909
1,1,2024-01-01 07:04:00,22.586792208565544,88.31129586736515,58,45,1.2287721406968566,7,1,2,7.663274054441097,51.5,10.15685841771561
1,1,2024-01-01 07:05:00,22.587665868044198,88.31176101155957,43,45,1.2287721406968566,7,1,2,7.755684779999285,44.0,11.804705931604973
1,1,2024-01-01 07:06:00,22.58720569048898,88.31184069711739,52,45,1.2287721406968566,7,1,2,7.703998014588932,48.5,10.759491334002751
1,1,2024-01-01 07:07:00,22.58739584635038,88.31094354874436,38,45,1.2287721406968566,7,1,2,7.733568009151027,41.5,12.409834322601956
1,1,2024-01-01 07:08:00,22.587642511452188,88.31089202336176,53,45,1.2287721406968566,7,1,2,7.761383360053167,49.0,10.732506867292571
1,1,2024-01-01 07:09:00,22.58679278701566,88.31134840087417,28,45,1.2287721406968566,7,1,2,7.6628307043068205,36.5,13.82520617517382
1,1,2024-01-01 07:10:00,22.58720263811504,88.3115449729907,44,45,1.2287721406968566,7,1,2,7.706350482159744,44.5,11.619357060462804
1,1,2024-01-01 07:11:00,22.586695442181515,88.31218317762605,44,45,1.2287721406968566,7,1,2,7.644486685998775,44.5,11.535945200470485
1,1,2024-01-01 07:12:00,22.58570012096277,88.31311857640247,56,45,1.2287721406968566,7,1,2,7.526744055317513,50.5,10.171438345034495
1,1,2024-01-01 07:13:00,22.585880582296504,88.31284052419636,57,45,1.2287721406968566,7,1,2,7.548842212168906,51.0,10.109762978542628
1,1,2024-01-01 07:14:00,22.586781057004146,88.31273253574227,36,45,1.2287721406968566,7,1,2,7.64952018504498,40.5,12.56139463705979
1,1,2024-01-01 07:15:00,22.586864858898902,88.31347842741403,31,45,1.2287721406968566,7,1,2,7.653433727320752,38.0,13.313141183834885
1,1,2024-01-01 07:16:00,22.58714275766957,88.3139964991051,27,45,1.2287721406968566,7,1,2,7.680995742133813,36.0,14.030431710919878
1,1,2024-01-01 07:17:00,22.58752731079861,88.31469489040823,56,45,1.2287721406968566,7,1,2,7.719874156747485,50.5,10.400899851683967
1,1,2024-01-01 07:18:00,22.58833403842388,88.31498822024646,44,45,1.2287721406968566,7,1,2,7.808087775086738,44.5,11.756530938566614
1,1,2024-01-01 07:19:00,22.5874372300372,88.31532805517556,45,45,1.2287721406968566,7,1,2,7.706985869685744,45.0,11.504753300277848
1,1,2024-01-01 07:20:00,22.587848380382223,88.31617855181038,51,45,1.2287721406968566,7,1,2,7.749673458273311,48.0,10.915863963538495
1,1,2024-01-01 07:21:00,22.587959993545105,88.31612497204654,42,45,1.2287721406968566,7,1,2,7.762238507232554,43.5,11.935308012741757
1,1,2024-01-01 07:22:00,22.587027885502277,88.31651981258103,26,45,1.2287721406968566,7,1,2,7.657540727858559,35.5,14.1710944976409
1,1,2024-01-01 07:23:00,22.586413083557844,88.31575037662353,28,45,1.2287721406968566,7,1,2,7.591555987147004,36.5,13.708042256554945
1,1,2024-01-01 07:24:00,22.58700376723376,88.31624050571976,42,45,1.2287721406968566,7,1,2,7.655613945897571,43.5,11.788239652279712
1,1,2024-01-01 07:25:00,22.58691405460383,88.31628537487191,58,45,1.2287721406968566,7,1,2,7.645513748792366,51.5,10.136166799484078
1,1,2024-01-01 07:26:00,22.585988069873263,88.31647791462888,58,45,1.2287721406968566,7,1,2,7.542061406490447,51.5,10.01563979874398
1,1,2024-01-01 07:27:00,22.58610942426127,88.31644003839656,54,45,1.2287721406968566,7,1,2,7.555650529109118,49.5,10.387136418404879
1,1,2024-01-01 07:28:00,22.586502001813027,88.3161197883241,22,45,1.2287721406968566,7,1,2,7.600204350434525,33.5,14.841078439982573
1,1,2024-01-01 07:29:00,22.585632714494626,88.31575036899976,42,45,1.2287721406968566,7,1,2,7.504836851562651,43.5,11.580271246300512
1,1,2024-01-01 07:30:00,22.586214160824305,88.31538787400562,23,45,1.2287721406968566,7,1,2,7.570849894668228,34.0,14.589095484229025
1,1,2024-01-01 07:31:00,22.586254497044063,88.31524150811893,37,45,1.2287721406968566,7,1,2,7.575947971351234,41.0,12.31552526950354
1,1,2024-01-01 07:32:00,22.585303298607176,88.31598170586673,21,45,1.2287721406968566,7,1,2,7.4674222646864195,33.0,14.805903531035801
1,1,2024-01-01 07:33:00,22.584303773654327,88.31535265168588,49,45,1.2287721406968566,7,1,2,7.358749891233802,47.0,10.622920938016604
1,1,2024-01-01 07:34:00,22.585181909051357,88.31595021815743,37,45,1.2287721406968566,7,1,2,7.454037260064809,41.0,12.137119350547795
1,1,2024-01-01 07:35:00,22.58420087991861,88.31505558582938,58,45,1.2287721406968566,7,1,2,7.348655765068337,51.5,9.790312837863851
1,1,2024-01-01 07:36:00,22.583276073465026,88.3150151484831,48,45,1.2287721406968566,7,1,2,7.246126482568345,46.5,10.578612763365689
1,1,2024-01-01 07:37:00,22.5840234276934,88.31598331542149,35,45,1.2287721406968566,7,1,2,7.325178031535489,40.0,12.21653918800009
1,1,2024-01-01 07:38:00,22.58320682636362,88.31565605634914,29,45,1.2287721406968566,7,1,2,7.235628789373362,37.0,12.962224231572579
1,1,2024-01-01 07:39:00,22.5836819909668,88.31513361064067,39,45,1.2287721406968566,7,1,2,7.2906529546516134,42.0,11.643990647342017
1,1,2024-01-01 07:40:00,22.583616612499878,88.31472761639358,22,45,1.2287721406968566,7,1,2,7.285394830508511,33.5,14.277240493846428
1,1,2024-01-01 07:41:00,22.584047719130343,88.31490583346252,23,45,1.2287721406968566,7,1,2,7.33236672779732,34.0,14.168242836809773
1,1,2024-01-01 07:42:00,22.584868397334457,88.31399603481695,20,45,1.2287721406968566,7,1,2,7.4285428754152045,32.5,14.943005141463386
1,1,2024-01-01 07:43:00,22.58463705062877,88.31435532938234,34,45,1.2287721406968566,7,1,2,7.400732941387551,39.5,12.470391798500732
1,1,2024-01-01 07:44:00,22.58554988202389,88.31495130802662,31,45,1.2287721406968566,7,1,2,7.498992286217019,38.0,13.069286276828992
1,1,2024-01-01 07:45:00,22.58472870402852,88.3147864695782,56,45,1.2287721406968566,7,1,2,7.408595723211505,50.5,10.031064089066962
1,1,2024-01-01 07:46:00,22.58466350705102,88.31501329235661,43,45,1.2287721406968566,7,1,2,7.400242936993391,44.0,11.320012509324208
1,1,2024-01-01 07:47:00,22.585150212696806,88.31414326517557,44,45,1.2287721406968566,7,1,2,7.4589340045843295,44.5,11.285761809799324
1,1,2024-01-01 07:48:00,22.58603567624508,88.31444255847356,27,45,1.2287721406968566,7,1,2,7.55553997496491,36.0,13.821338765638373
1,1,2024-01-01 07:49:00,22.58512956695937,88.31421073969653,29,45,1.2287721406968566,7,1,2,7.456244825521217,37.0,13.319979965866397
1,1,2024-01-01 07:50:00,22.58578197835096,88.3148122790708,22,45,1.2287721406968566,7,1,2,7.525446358024932,33.5,14.707183528204197
1,1,2024-01-01 07:51:00,22.58654955012089,88.31566778363718,42,45,1.2287721406968566,7,1,2,7.607022368142013,43.5,11.721216786409977
1,1,2024-01-01 07:52:00,22.587066027072296,88.31605982487329,54,45,1.2287721406968566,7,1,2,7.663078799488142,49.5,10.517352503712786
1,1,2024-01-01 07:53:00,22.58786089936839,88.31598658636972,43,45,1.2287721406968566,7,1,2,7.75165461064742,44.0,11.799210246125156
1,1,2024-01-01 07:54:00,22.58730853459804,88.3160605352155,32,45,1.2287721406968566,7,1,2,7.690029626086333,38.5,13.213233895636597
1,1,2024-01-01 07:55:00,22.58809837748049,88.31678078884833,28,45,1.2287721406968566,7,1,2,7.775940877816874,36.5,14.011140706971169
1,1,2024-01-01 07:56:00,22.588853299205752,88.3163119889335,30,45,1.2287721406968566,7,1,2,7.860995063565363,37.5,13.806364242401436
1,1,2024-01-01 07:57:00,22.588806652862413,88.31540074226058,47,45,1.2287721406968566,7,1,2,7.858848078038347,46.0,11.47944354683383
1,1,2024-01-01 07:58:00,22.589530908096943,88.31601977441002,53,45,1.2287721406968566,7,1,2,7.93715981087015,49.0,10.947743337680713
1,1,2024-01-01 07:59:00,22.59039408707358,88.31649019971907,59,45,1.2287721406968566,7,1,2,8.031810190166636,52.0,10.496245437042974
1,1,2024-01-01 08:00:00,22.59021099349972,88.3162355767531,53,32,2.8154728210185658,8,1,2,8.01211959145175,42.5,14.126700479538684
1,1,2024-01-01 08:01:00,22.59060242208542,88.31533314391645,27,32,2.8154728210185658,8,1,2,8.058647739900312,29.5,19.205942800476826
1,1,2024-01-01 08:02:00,22.58976451451724,88.31477351032035,37,32,2.8154728210185658,8,1,2,7.967980945195426,34.5,16.67283098657583
1,1,2024-01-01 08:03:00,22.59055347437917,88.31575646099064,32,32,2.8154728210185658,8,1,2,8.051659190996567,32.0,17.91233380413713
1,1,2024-01-01 08:04:00,22.59131928691745,88.31578861903152,59,32,2.8154728210185658,8,1,2,8.136660841345618,45.5,13.545135468946853
1,1,2024-01-01 08:05:00,22.591014905333253,88.31614465133664,22,32,2.8154728210185658,8,1,2,8.101732809502106,27.0,20.819323508801027
1,1,2024-01-01 08:06:00,22.591743891093863,88.31661247117455,46,32,2.8154728210185658,8,1,2,8.181578343876438,39.0,15.402516426982316
1,1,2024-01-01 08:07:00,22.59233874313708,88.31692937484387,43,32,2.8154728210185658,8,1,2,8.24707146648564,37.5,16.01078716739559
1,1,2024-01-01 08:08:00,22.591653424456485,88.31625017505452,52,32,2.8154728210185658,8,1,2,8.172413822347064,42.0,14.490349710085802
1,1,2024-01-01 08:09:00,22.592327451113213,88.31664511797786,32,32,2.8154728210185658,8,1,2,8.246380649031119,32.0,18.277436537951914
1,1,2024-01-01 08:10:00,22.59256467386964,88.31715055125697,55,32,2.8154728210185658,8,1,2,8.271823269828117,43.5,14.22488422767804
1,1,2024-01-01 08:11:00,22.593327948135183,88.31807318183334,26,32,2.8154728210185658,8,1,2,8.355838031983609,29.0,20.103413576846723
1,1,2024-01-01 08:12:00,22.59397958163631,88.31733092156828,50,32,2.8154728210185658,8,1,2,8.428888829020417,41.0,15.150432082999664
1,1,2024-01-01 08:13:00,22.59479698425485,88.31633316179125,49,32,2.8154728210185658,8,1,2,8.52163562852122,40.5,15.44011819660556
1,1,2024-01-01 08:14:00,22.595461252610765,88.31634809725877,21,32,2.8154728210185658,8,1,2,8.595440819654645,26.5,22.276848261746064
1,1,2024-01-01 08:15:00,22.59484751833994,88.3155162937077,58,32,2.8154728210185658,8,1,2,8.529693023891566,45.0,14.188396852873986
1,1,2024-01-01 08:16:00,22.595809890696,88.31577992076174,46,32,2.8154728210185658,8,1,2,8.635776168407729,39.0,16.10128231087661
1,1,2024-01-01 08:17:00,22.59556328141997,88.31479806557105,50,32,2.8154728210185658,8,1,2,8.612036539047114,41.0,15.418453122063124
1,1,2024-01-01 08:18:00,22.59482017885616,88.31436475146758,54,32,2.8154728210185658,8,1,2,8.531495301720966,43.0,14.71988486993154
1,1,2024-01-01 08:19:00,22.59490271201351,88.3152907354753,26,32,2.8154728210185658,8,1,2,8.536645068888626,29.0,20.477497101477795
1,1,2024-01-01 08:20:00,22.595167955799777,88.31615479168632,47,32,2.8154728210185658,8,1,2,8.563334259097669,39.5,15.823069163951732
1,1,2024-01-01 08:21:00,22.59574556976352,88.31550229863693,48,32,2.8154728210185658,8,1,2,8.62954310400292,40.0,15.759787477022947
1,1,2024-01-01 08:22:00,22.59488124388173,88.31510422577082,55,32,2.8154728210185658,8,1,2,8.534983803127425,43.5,14.587864273608115
1,1,2024-01-01 08:23:00,22.595423212466795,88.31552136978003,36,32,2.8154728210185658,8,1,2,8.593652959634989,34.0,17.98074274978619
1,1,2024-01-01 08:24:00,22.594539053387912,88.31467075861555,20,32,2.8154728210185658,8,1,2,8.49882025754112,26.0,22.428134953805763
1,1,2024-01-01 08:25:00,22.595282127000218,88.3156177365539,37,32,2.8154728210185658,8,1,2,8.577645638440051,34.5,17.73311740960996
1,1,2024-01-01 08:26:00,22.59517404361424,88.31591288384071,48,32,2.8154728210185658,8,1,2,8.56469798819636,40.0,15.662519803313106
1,1,2024-01-01 08:27:00,22.59422321744716,88.31495713094377,31,32,2.8154728210185658,8,1,2,8.46247727982976,31.5,18.93447716355144
1,1,2024-01-01 08:28:00,22.59396688450564,88.31559470223048,25,32,2.8154728210185658,8,1,2,8.43155521813568,28.5,20.566115385514735
1,1,2024-01-01 08:29:00,22.59433347525885,88.31548650764324,30,32,2.8154728210185658,8,1,2,8.472672578253217,31.0,19.214193940218344
1,1,2024-01-01 08:30:00,22.595327724259164,88.31533887024771,53,32,2.8154728210185658,8,1,2,8.583693706626823,42.5,14.933628642138785
1,1,2024-01-01 08:31:00,22.59603614380809,88.31539291844014,32,32,2.8154728210185658,8,1,2,8.662220289075837,32.0,19.05713586303576
1,1,2024-01-01 08:32:00,22.59642350825965,88.31483445766571,48,32,2.8154728210185658,8,1,2,8.70744960897517,40.0,15.876647234481322
1,1,2024-01-01 08:33:00,22.59696915381969,88.31429456503177,21,32,2.8154728210185658,8,1,2,8.770522427515074,26.5,22.673259449354585
1,1,2024-01-01 08:34:00,22.59651567287368,88.31519629215627,30,32,2.8154728210185658,8,1,2,8.716233674856772,31.0,19.68560251428974
1,1,2024-01-01 08:35:00,22.59697821300763,88.31601534117817,47,32,2.8154728210185658,8,1,2,8.764936466589486,39.5,16.129300365205125
1,1,2024-01-01 08:36:00,22.59725526490296,88.3158105299741,56,32,2.8154728210185658,8,1,2,8.796327861124869,44.0,14.810465358916115
1,1,2024-01-01 08:37:00,22.59822322019888,88.31562919798674,24,32,2.8154728210185658,8,1,2,8.904475914726726,28.0,21.896492638290123
1,1,2024-01-01 08:38:00,22.59768312941066,88.3150554073948,57,32,2.8154728210185658,8,1,2,8.846500929483534,44.5,14.743339242794118
1,1,2024-01-01 08:39:00,22.598112977491063,88.31518090796749,44,32,2.8154728210185658,8,1,2,8.893783805673051,38.0,16.858289356291802
1,1,2024-01-01 08:40:00,22.598199443102647,88.31449939944405,35,32,2.8154728210185658,8,1,2,8.906216738400001,33.5,18.766905785317075
1,1,2024-01-01 08:41:00,22.59893668943856,88.31505259314963,44,32,2.8154728210185658,8,1,2,8.985801436978244,38.0,17.00358035308948
1,1,2024-01-01 08:42:00,22.59884407670777,88.31511330193709,34,32,2.8154728210185658,8,1,2,8.975278319831517,33.0,19.13416067525769
1,1,2024-01-01 08:43:00,22.599096517351036,88.31437579169246,26,32,2.8154728210185658,8,1,2,9.006434835736632,29.0,21.44947592943919
1,1,2024-01-01 08:44:00,22.599938213046663,88.3146090923215,43,32,2.8154728210185658,8,1,2,9.098892064036722,37.5,17.37370012347732
1,1,2024-01-01 08:45:00,22.59990125774969,88.31384370869942,34,32,2.8154728210185658,8,1,2,9.098436517714866,33.0,19.358084671409234
1,1,2024-01-01 08:46:00,22.600115870646214,88.31333878861064,36,32,2.8154728210185658,8,1,2,9.1250411167964,34.0,18.918486556541623
1,1,2024-01-01 08:47:00,22.599516920099614,88.31332197770412,28,32,2.8154728210185658,8,1,2,9.05864531293558,30.0,20.932763446889727
1,1,2024-01-01 08:48:00,22.599680862903444,88.312859964513,41,32,2.8154728210185658,8,1,2,9.07966251478769,36.5,17.740945448066824
1,1,2024-01-01 08:49:00,22.599547356401388,88.3138286673278,43,32,2.8154728210185658,8,1,2,9.059214304689307,37.5,17.310215708521458
1,1,2024-01-01 08:50:00,22.598570597481203,88.31297356110339,36,32,2.8154728210185658,8,1,2,8.955722019009562,34.0,18.619688148682496
1,1,2024-01-01 08:51:00,22.59853047515064,88.31317360219963,37,32,2.8154728210185658,8,1,2,8.950027857986296,34.5,18.380738660994734
1,1,2024-01-01 08:52:00,22.598844442865765,88.31368772073485,51,32,2.8154728210185658,8,1,2,8.981915371437697,41.5,15.8013745628562
1,1,2024-01-01 08:53:00,22.59966008017173,88.3141362913511,57,32,2.8154728210185658,8,1,2,9.0701738168804,44.5,15.044920664003374
1,1,2024-01-01 08:54:00,22.59895192431981,88.3133418761601,43,32,2.8154728210185658,8,1,2,8.995806340520641,37.5,17.20876296585159
1,1,2024-01-01 08:55:00,22.597988659593685,88.3133065889232,51,32,2.8154728210185658,8,1,2,8.889082875798927,41.5,15.667158906510988
1,1,2024-01-01 08:56:00,22.598393589534773,88.31342588629018,47,32,2.8154728210185658,8,1,2,8.93333275534314,39.5,16.385092196223336
1,1,2024-01-01 08:57:00,22.59927606454324,88.31257071883446,51,32,2.8154728210185658,8,1,2,9.03663676801181,41.5,15.880489835011545
1,1,2024-01-01 08:58:00,22.598451797541525,88.31227197269688,52,32,2.8154728210185658,8,1,2,8.947266063047438,42.0,15.597281482514905
1,1,2024-01-01 08:59:00,22.59910082563532,88.31198757539873,52,32,2.8154728210185658,8,1,2,9.021325531435354,42.0,15.703080723069071
1,1,2024-01-01 09:00:00,22.598366257143404,88.31212265709526,58,26,5.278332008639006,9,1,2,8.938859655756602,42.0,18.04813151686272
1,1,2024-01-01 09:01:00,22.597766557631893,88.31145762225978,34,26,5.278332008639006,9,1,2,8.877523614346147,30.0,23.0333792373313
1,1,2024-01-01 09:02:00,22.59803941813098,88.31187057371275,59,26,5.278332008639006,9,1,2,8.904504024548801,42.5,17.849396513884372
1,1,2024-01-01 09:03:00,22.59822897140573,88.31210378287648,25,26,5.278332008639006,9,1,2,8.923772144184902,25.5,26.27544293613289
1,1,2024-01-01 09:04:00,22.598311564076337,88.31252190391538,50,26,5.278332008639006,9,1,2,8.929956862612151,38.0,19.378263896973984
1,1,2024-01-01 09:05:00,22.5992062650016,88.31277251323581,27,26,5.278332008639006,9,1,2,9.027556058150644,26.5,25.718081574263106
1,1,2024-01-01 09:06:00,22.598885165386683,88.31340216346331,39,26,5.278332008639006,9,1,2,8.98804379498692,32.5,21.87164363015332
1,1,2024-01-01 09:07:00,22.59920680562328,88.31350816636849,26,26,5.278332008639006,9,1,2,9.023146627488304,26.0,26.100978072073552
1,1,2024-01-01 09:08:00,22.599841401163207,88.31341280293753,25,26,5.278332008639006,9,1,2,9.094144023865967,25.5,26.67631794714716
1,1,2024-01-01 09:09:00,22.598922909375396,88.31274080189951,22,26,5.278332008639006,9,1,2,8.996319411864343,24.0,27.769130538299866
1,1,2024-01-01 09:10:00,22.598086169339453,88.31186150606749,33,26,5.278332008639006,9,1,2,8.909757512944028,29.5,23.399872712931945
1,1,2024-01-01 09:11:00,22.5983867577112,88.31182006392464,42,26,5.278332008639006,9,1,2,8.943405989243224,34.0,21.060813166127048
1,1,2024-01-01 09:12:00,22.59933848822284,88.31149385550819,38,26,5.278332008639006,9,1,2,9.051480110510958,32.0,22.24985721584705
1,1,2024-01-01 09:13:00,22.600082153780782,88.3113611661761,27,26,5.278332008639006,9,1,2,9.134983113642079,26.5,25.961312643300317
1,1,2024-01-01 09:14:00,22.600078545213687,88.31147189327797,51,26,5.278332008639006,9,1,2,9.133698048421937,38.5,19.51266662955631
1,1,2024-01-01 09:15:00,22.600385071252163,88.31113652252868,37,26,5.278332008639006,9,1,2,9.170394482920049,31.5,22.74575007134386
1,1,2024-01-01 09:16:00,22.599548124231266,88.31094304525094,22,26,5.278332008639006,9,1,2,9.079277423760642,24.0,27.97652556804061
1,1,2024-01-01 09:17:00,22.5993849238086,88.31035020181162,48,26,5.278332008639006,9,1,2,9.066500563497307,37.0,19.980765354850856
1,1,2024-01-01 09:18:00,22.59931016972208,88.31108674682243,26,26,5.278332008639006,9,1,2,9.05168494644218,26.0,26.16683573119788
1,1,2024-01-01 09:19:00,22.59914198445437,88.31177923740647,50,26,5.278332008639006,9,1,2,9.027461670429053,38.0,19.53221885668488
2,2,2024-01-01 06:00:00,22.56288617158438,88.3736216309133,39,29,4.038536542632651,6,2,3,5.288914223680066,34.0,13.371914584421003
2,2,2024-01-01 06:01:00,22.56306228834056,88.37268041980482,51,29,4.038536542632651,6,2,3,5.265787616890393,40.0,11.937217967968241
2,2,2024-01-01 06:02:00,22.56303562622341,88.37342726628098,53,29,4.038536542632651,6,2,3,5.295364863941365,41.0,11.787850977668796
2,2,2024-01-01 06:03:00,22.563621538412622,88.37373728495865,53,29,4.038536542632651,6,2,3,5.367870217395143,41.0,11.893956372967006
2,2,2024-01-01 06:04:00,22.56338923271636,88.37366891057269,31,29,4.038536542632651,6,2,3,5.341516324957147,30.0,14.721569192546944
2,2,2024-01-01 06:05:00,22.56385545876119,88.37293204594295,40,29,4.038536542632651,6,2,3,5.356774432313306,34.5,13.354665990134052
2,2,2024-01-01 06:06:00,22.56366607912736,88.37313575671027,27,29,4.038536542632651,6,2,3,5.346289734785016,28.0,15.49487168860054
2,2,2024-01-01 06:07:00,22.56460886931545,88.37249771061569,33,29,4.038536542632651,6,2,3,5.415221356837595,31.0,14.519610136511869
2,2,2024-01-01 06:08:00,22.56374713488782,88.37237204139332,24,29,4.038536542632651,6,2,3,5.322297007747591,26.5,16.089020333759272
2,2,2024-01-01 06:09:00,22.56377676959568,88.37209050813212,33,29,4.038536542632651,6,2,3,5.313695995541584,31.0,14.323109437229267
2,2,2024-01-01 06:10:00,22.56296729261159,88.37239475462317,21,29,4.038536542632651,6,2,3,5.24406006507385,25.0,16.62428069880989
2,2,2024-01-01 06:11:00,22.56390611725626,88.37191102148857,44,29,4.038536542632651,6,2,3,5.3195664277292245,36.5,12.783029300543706
2,2,2024-01-01 06:12:00,22.56292417806452,88.37208784675525,56,29,4.038536542632651,6,2,3,5.226812506750085,42.5,11.41756596392689
2,2,2024-01-01 06:13:00,22.562185925385958,88.37302748884541,31,29,4.038536542632651,6,2,3,5.192400611613713,30.0,14.423337765860076
2,2,2024-01-01 06:14:00,22.56165802631265,88.37217448234007,50,29,4.038536542632651,6,2,3,5.102184920952355,39.5,11.788690852940025
2,2,2024-01-01 06:15:00,22.561319805038625,88.37207203748774,33,29,4.038536542632651,6,2,3,5.063624502384589,31.0,13.839100095635082
2,2,2024-01-01 06:16:00,22.56197757177039,88.37193381253506,31,29,4.038536542632651,6,2,3,5.124279464390083,30.0,14.287095471412819
2,2,2024-01-01 06:17:00,22.56215334051261,88.37283097924477,39,29,4.038536542632651,6,2,3,5.180528116344583,34.0,13.18064498324074
2,2,2024-01-01 06:18:00,22.561912057692457,88.37304205556006,39,29,4.038536542632651,6,2,3,5.165528271138364,34.0,13.154174668170942
2,2,2024-01-01 06:19:00,22.561979081543058,88.37360563621975,56,29,4.038536542632651,6,2,3,5.197366551513281,42.5,11.375995203592577
2,2,2024-01-01 06:20:00,22.56270751389841,88.37372191671894,47,29,4.038536542632651,6,2,3,5.27545899717631,38.0,12.368208643437352
2,2,2024-01-01 06:21:00,22.56224701312144,88.37283609043111,39,29,4.038536542632651,6,2,3,5.190183476489794,34.0,13.197683854085227
2,2,2024-01-01 06:22:00,22.56312022450603,88.37191477751244,56,29,4.038536542632651,6,2,3,5.239576764693158,42.5,11.435586092787698
2,2,2024-01-01 06:23:00,22.5630246225626,88.3727825275475,54,29,4.038536542632651,6,2,3,5.266335932825694,41.5,11.652516204549316
2,2,2024-01-01 06:24:00,22.562231240476844,88.37295186894839,24,29,4.038536542632651,6,2,3,5.193645657585886,26.5,15.797734257921451
2,2,2024-01-01 06:25:00,22.561527926878767,88.3739251291943,31,29,4.038536542632651,6,2,3,5.166916701486244,30.0,14.37236994560514
2,2,2024-01-01 06:26:00,22.56189986235073,88.37295988877467,43,29,4.038536542632651,6,2,3,5.160681659965622,36.0,12.639672642575356
2,2,2024-01-01 06:27:00,22.56217810222636,88.37369572536372,44,29,4.038536542632651,6,2,3,5.22131237033706,36.5,12.621515781542886
2,2,2024-01-01 06:28:00,22.56168655138616,88.37373918545698,50,29,4.038536542632651,6,2,3,5.17421109683692,39.5,11.898097702384936
2,2,2024-01-01 06:29:00,22.562020279901247,88.37301848796649,42,29,4.038536542632651,6,2,3,5.175358266543717,35.5,12.785620936791044
2,2,2024-01-01 06:30:00,22.5628999194851,88.37348428580317,35,29,4.038536542632651,6,2,3,5.28423051097129,32.0,13.946468750703822
2,2,2024-01-01 06:31:00,22.563839743577315,88.37267208723475,27,29,4.038536542632651,6,2,3,5.344225574002429,28.0,15.490448486923572
2,2,2024-01-01 06:32:00,22.5631520712669,88.37214120982142,27,29,4.038536542632651,6,2,3,5.252197385590643,28.0,15.293245226041172
2,2,2024-01-01 06:33:00,22.562662684316354,88.37246447452216,41,29,4.038536542632651,6,2,3,5.2161593853332775,35.0,12.980524060346841
2,2,2024-01-01 06:34:00,22.562411277850632,88.37149950650388,45,29,4.038536542632651,6,2,3,5.150261402934758,37.0,12.39031179063496
2,2,2024-01-01 06:35:00,22.562646972331034,88.37223731647283,37,29,4.038536542632651,6,2,3,5.20494509176535,33.0,13.502073073115106
2,2,2024-01-01 06:36:00,22.56318401106008,88.37146353611098,59,29,4.038536542632651,6,2,3,5.227654994466059,44.0,11.167156989631824
2,2,2024-01-01 06:37:00,22.563563064562143,88.37181656288253,44,29,4.038536542632651,6,2,3,5.280699063782598,36.5,12.719137743371167
2,2,2024-01-01 06:38:00,22.56444481527482,88.37247024064995,38,29,4.038536542632651,6,2,3,5.397374730548018,33.5,13.70547635853955
2,2,2024-01-01 06:39:00,22.564599185748243,88.37216738798443,24,29,4.038536542632651,6,2,3,5.400762997456883,26.5,16.266679178384084
2,2,2024-01-01 06:40:00,22.565598013199786,88.37126381206215,21,29,4.038536542632651,6,2,3,5.467738191361792,25.0,17.16110820190095
2,2,2024-01-01 06:41:00,22.56633089053484,88.37225048593687,28,29,4.038536542632651,6,2,3,5.581482758450897,28.5,15.789026560424013
2,2,2024-01-01 06:42:00,22.566895661502954,88.37238451845884,32,29,4.038536542632651,6,2,3,5.644772916083459,30.5,15.143007852960768
2,2,2024-01-01 06:43:00,22.56765269262556,88.37219279910215,30,29,4.038536542632651,6,2,3,5.715300010836819,29.5,15.662875547724486
2,2,2024-01-01 06:44:00,22.56798787939669,88.37280849098603,23,29,4.038536542632651,6,2,3,5.773648502188291,26.0,17.362340778451784
2,2,2024-01-01 06:45:00,22.56874366171477,88.37244288241956,37,29,4.038536542632651,6,2,3,5.8374667561932,33.0,14.652112462983926
2,2,2024-01-01 06:46:00,22.568495006218534,88.37203662096869,30,29,4.038536542632651,6,2,3,5.796419901371139,29.5,15.8278651555909
2,2,2024-01-01 06:47:00,22.56750652353953,88.37168579262848,26,29,4.038536542632651,6,2,3,5.680946276480872,27.5,16.433328418590918
2,2,2024-01-01 06:48:00,22.56772618715053,88.37181267048318,31,29,4.038536542632651,6,2,3,5.708447300973732,30.0,15.455431144580114
2,2,2024-01-01 06:49:00,22.56750330335307,88.37171005772842,38,29,4.038536542632651,6,2,3,5.681526434088489,33.5,14.214404782791139
2,2,2024-01-01 06:50:00,22.56724980693633,88.37116459698295,51,29,4.038536542632651,6,2,3,5.634916431963017,40.0,12.490911190577176
2,2,2024-01-01 06:51:00,22.567423930351733,88.37050148575324,45,29,4.038536542632651,6,2,3,5.6289208532237875,37.0,13.166516304617172
2,2,2024-01-01 06:52:00,22.56766291104375,88.37042847384083,33,29,4.038536542632651,6,2,3,5.6512455138811735,31.0,14.976431085628473
2,2,2024-01-01 06:53:00,22.56774763837371,88.37133143096017,22,29,4.038536542632651,6,2,3,5.692730252064084,25.5,17.43319595925403
2,2,2024-01-01 06:54:00,22.56770600212897,88.37038271509178,21,29,4.038536542632651,6,2,3,5.654122311567304,25.0,17.60843009039418
2,2,2024-01-01 06:55:00,22.566923838812663,88.36968069880372,45,29,4.038536542632651,6,2,3,5.547772206851793,37.0,13.034923905095017
2,2,2024-01-01 06:56:00,22.56641597813026,88.3696340897538,56,29,4.038536542632651,6,2,3,5.493026437058611,42.5,11.79339739495069
2,2,2024-01-01 06:57:00,22.56704194960769,88.37007033590625,42,29,4.038536542632651,6,2,3,5.573755424536335,35.5,13.458968246074345
2,2,2024-01-01 06:58:00,22.56643350557906,88.36908546165621,40,29,4.038536542632651,6,2,3,5.4759384644199685,34.5,13.56190778510216
2,2,2024-01-01 06:59:00,22.56592047017221,88.36993953074581,34,29,4.038536542632651,6,2,3,5.452114961116207,31.5,14.423517420949238
2,2,2024-01-01 07:00:00,22.56531477842536,88.3698978972047,34,34,2.514619379556375,7,2,3,5.387539747897217,34.0,12.022042464080878
2,2,2024-01-01 07:01:00,22.564517620082256,88.36986964072307,38,34,2.514619379556375,7,2,3,5.303634851321801,36.0,11.354010798426044
2,2,2024-01-01 07:02:00,22.5653768318371,88.36993416114974,46,34,2.514619379556375,7,2,3,5.395309254430749,40.0,10.6075832612025
2,2,2024-01-01 07:03:00,22.56499944723541,88.37015482871637,27,34,2.514619379556375,7,2,3,5.36414392466396,30.5,13.067033657583837
2,2,2024-01-01 07:04:00,22.56479925764902,88.37110827919369,37,34,2.514619379556375,7,2,3,5.379398979383439,35.5,11.60656131654247
2,2,2024-01-01 07:05:00,22.56404302983569,88.37047057789276,45,34,2.514619379556375,7,2,3,5.276944183647105,39.5,10.530230797754509
2,2,2024-01-01 07:06:00,22.56476186142225,88.3710701400836,50,34,2.514619379556375,7,2,3,5.374074036087452,42.0,10.191868002538449
2,2,2024-01-01 07:07:00,22.5651799539457,88.3702838939298,50,34,2.514619379556375,7,2,3,5.387635781455187,42.0,10.211241924492358
2,2,2024-01-01 07:08:00,22.565029008796092,88.36945797185497,55,34,2.514619379556375,7,2,3,5.341979614261771,44.5,9.717288522381233
2,2,2024-01-01 07:09:00,22.56477602816217,88.36951097024328,20,34,2.514619379556375,7,2,3,5.317502792820826,27.0,14.331292252491545
2,2,2024-01-01 07:10:00,22.564979251802463,88.37014934796214,32,34,2.514619379556375,7,2,3,5.361845868347171,33.0,12.263430049278504
2,2,2024-01-01 07:11:00,22.56516632894071,88.3707368356629,41,34,2.514619379556375,7,2,3,5.4031244208321665,37.5,11.159618452887843
2,2,2024-01-01 07:12:00,22.56538829091841,88.3705588926025,34,34,2.514619379556375,7,2,3,5.419435852051754,34.0,12.07832970670653
2,2,2024-01-01 07:13:00,22.565928180318917,88.37067216671838,27,34,2.514619379556375,7,2,3,5.479610715215597,30.5,13.294181442275583
2,2,2024-01-01 07:14:00,22.5664892313494,88.37022177878947,46,34,2.514619379556375,7,2,3,5.521497813856792,40.0,10.796866100341562
2,2,2024-01-01 07:15:00,22.567191579871107,88.37056462812853,38,34,2.514619379556375,7,2,3,5.606978234212594,36.0,11.85958310324403
2,2,2024-01-01 07:16:00,22.566382650498777,88.37081234677788,44,34,2.514619379556375,7,2,3,5.531936941322225,39.0,11.025291596975183
2,2,2024-01-01 07:17:00,22.566230540124604,88.37011831437954,52,34,2.514619379556375,7,2,3,5.490833679084701,43.0,10.176247768976888
2,2,2024-01-01 07:18:00,22.566969059373907,88.3700640983108,54,34,2.514619379556375,7,2,3,5.565924303803128,44.0,10.104516157469732
2,2,2024-01-01 07:19:00,22.566160488484947,88.3691113754829,40,34,2.514619379556375,7,2,3,5.448190831648094,37.0,11.349523430877609
2,2,2024-01-01 07:20:00,22.5656209808218,88.36852374781193,34,34,2.514619379556375,7,2,3,5.371639519000334,34.0,11.99398323661579
2,2,2024-01-01 07:21:00,22.565084875014037,88.36830555980374,30,34,2.514619379556375,7,2,3,5.3079786704064,32.0,12.467079386568376
2,2,2024-01-01 07:22:00,22.566060446054465,88.36757843930886,44,34,2.514619379556375,7,2,3,5.387157125987615,39.0,10.802553419537322
2,2,2024-01-01 07:23:00,22.56641212854464,88.36746387324241,40,34,2.514619379556375,7,2,3,5.42078735284789,37.0,11.305085357147549
2,2,2024-01-01 07:24:00,22.566861162247434,88.36649551542594,58,34,2.514619379556375,7,2,3,5.4392446256815665,46.0,9.609286282619287
2,2,2024-01-01 07:25:00,22.566117950826342,88.3657037347247,43,34,2.514619379556375,7,2,3,5.337158713491598,38.5,10.832269322660164
2,2,2024-01-01 07:26:00,22.56579240509185,88.36651478430936,45,34,2.514619379556375,7,2,3,5.32600253369987,39.5,10.604749810492887
2,2,2024-01-01 07:27:00,22.564963721591045,88.36730316605869,55,34,2.514619379556375,7,2,3,5.262440649443273,44.5,9.61004497431135
2,2,2024-01-01 07:28:00,22.564766097419124,88.3670370782171,22,34,2.514619379556375,7,2,3,5.233114503149796,28.0,13.728436172020224
2,2,2024-01-01 07:29:00,22.564476090030787,88.36617592590258,25,34,2.514619379556375,7,2,3,5.175852873511722,29.5,13.04177776635988
2,2,2024-01-01 07:30:00,22.564815295263056,88.365315789114,21,34,2.514619379556375,7,2,3,5.186940088965399,27.5,13.831579573662701
2,2,2024-01-01 07:31:00,22.564895319092265,88.36607594728913,51,34,2.514619379556375,7,2,3,5.217473701730273,42.5,9.880464605528525
2,2,2024-01-01 07:32:00,22.56496123466537,88.36572461479537,22,34,2.514619379556375,7,2,3,5.214214030379746,28.0,13.687935158941546
2,2,2024-01-01 07:33:00,22.56434188439101,88.36482929254694,22,34,2.514619379556375,7,2,3,5.122697397271536,28.0,13.491828087995382
2,2,2024-01-01 07:34:00,22.5640677729347,88.36582025352836,21,34,2.514619379556375,7,2,3,5.121792892235282,27.5,13.689440235342445
2,2,2024-01-01 07:35:00,22.563998184159267,88.36494053821356,42,34,2.514619379556375,7,2,3,5.089001288696402,38.0,10.549884572234905
2,2,2024-01-01 07:36:00,22.564921515631177,88.36521045830474,55,34,2.514619379556375,7,2,3,5.195337977076992,44.5,9.5195694610085
2,2,2024-01-01 07:37:00,22.56474047133719,88.36505583653154,35,34,2.514619379556375,7,2,3,5.171650604675307,34.5,11.508794344209083
2,2,2024-01-01 07:38:00,22.563742944696703,88.36465754274825,35,34,2.514619379556375,7,2,3,5.053809034305927,34.5,11.303852482697119
2,2,2024-01-01 07:39:00,22.56433384461829,88.36551189838721,27,34,2.514619379556375,7,2,3,5.141123814182943,30.5,12.628305571391673
2,2,2024-01-01 07:40:00,22.564132476449902,88.36481673041388,42,34,2.514619379556375,7,2,3,5.0999250315231235,38.0,10.567132587224465
2,2,2024-01-01 07:41:00,22.56460683689992,88.36535393002346,24,34,2.514619379556375,7,2,3,5.165742381077843,29.0,13.202362236958809
2,2,2024-01-01 07:42:00,22.565290903488677,88.365395845978,20,34,2.514619379556375,7,2,3,5.240050369085505,27.0,14.159175755301941
2,2,2024-01-01 07:43:00,22.564804998021536,88.36597164995459,25,34,2.514619379556375,7,2,3,5.204773294488528,29.5,13.100598961566941
2,2,2024-01-01 07:44:00,22.564060424988806,88.3666237852151,51,34,2.514619379556375,7,2,3,5.145443199237122,42.5,9.778774484361724
2,2,2024-01-01 07:45:00,22.56337903303005,88.36575000328125,57,34,2.514619379556375,7,2,3,5.046410230840212,45.5,9.169226277367644
2,2,2024-01-01 07:46:00,22.56298528974193,88.36527622842107,55,34,2.514619379556375,7,2,3,4.990458769562846,44.5,9.243327832899537
2,2,2024-01-01 07:47:00,22.562747108792955,88.36496887195824,21,34,2.514619379556375,7,2,3,4.9561269303821796,27.5,13.327987227662948
2,2,2024-01-01 07:48:00,22.56276655728646,88.36561944417471,28,34,2.514619379556375,7,2,3,4.977361557623065,31.0,12.148222394310695
2,2,2024-01-01 07:49:00,22.563651331324664,88.36636611749816,42,34,2.514619379556375,7,2,3,5.094083207102154,38.0,10.557908653928196
2,2,2024-01-01 07:50:00,22.56449011527109,88.36636004446397,25,34,2.514619379556375,7,2,3,5.182909019519917,29.5,13.056129249766377
2,2,2024-01-01 07:51:00,22.564623265995436,88.3661421299901,41,34,2.514619379556375,7,2,3,5.190491399388959,37.5,10.81940561857871
2,2,2024-01-01 07:52:00,22.56548445642472,88.36537486278587,31,34,2.514619379556375,7,2,3,5.260165416514223,32.5,12.225693994659556
2,2,2024-01-01 07:53:00,22.565740356530267,88.36572347039869,37,34,2.514619379556375,7,2,3,5.297363043401668,35.5,11.467909030376097
2,2,2024-01-01 07:54:00,22.566183200664923,88.36500602649724,49,34,2.514619379556375,7,2,3,5.324917346680375,41.5,10.213295061503906
2,2,2024-01-01 07:55:00,22.56579255894312,88.36416786506334,26,34,2.514619379556375,7,2,3,5.2609368518874255,30.0,13.036493083331226
2,2,2024-01-01 07:56:00,22.56483834659307,88.36347544736267,40,34,2.514619379556375,7,2,3,5.140654660383587,37.0,10.850816126124355
2,2,2024-01-01 07:57:00,22.564530546046143,88.36442666776439,54,34,2.514619379556375,7,2,3,5.131991927728615,44.0,9.512790190095396
2,2,2024-01-01 07:58:00,22.56517550717341,88.36369171710987,29,34,2.514619379556375,7,2,3,5.18240480801329,31.5,12.385866632915024
2,2,2024-01-01 07:59:00,22.56602102155444,88.3636658409475,52,34,2.514619379556375,7,2,3,5.273015230372477,43.0,9.872315049843552
2,2,2024-01-01 08:00:00,22.566550641156248,88.36301551820202,35,43,7.3271706300566,8,2,3,5.314868384721387,39.0,15.503891221935657
2,2,2024-01-01 08:01:00,22.56745623621145,88.36366591973685,22,43,7.3271706300566,8,2,3,5.428134716159533,32.5,17.348342413735736
2,2,2024-01-01 08:02:00,22.56719130505603,88.36280226435562,32,43,7.3271706300566,8,2,3,5.379519965184132,37.5,15.93440257435121
2,2,2024-01-01 08:03:00,22.567203520165723,88.36226736707235,53,43,7.3271706300566,8,2,3,5.369183463753538,48.0,14.038649959748522
2,2,2024-01-01 08:04:00,22.56813516448803,88.36213236282902,31,43,7.3271706300566,8,2,3,5.467760553941239,37.0,16.19380936617753
2,2,2024-01-01 08:05:00,22.5690080628358,88.36288457321422,32,43,7.3271706300566,8,2,3,5.578658655803801,37.5,16.25302447934268
2,2,2024-01-01 08:06:00,22.568219392204323,88.3631662258436,48,43,7.3271706300566,8,2,3,5.499239192686103,45.5,14.5789146204119
2,2,2024-01-01 08:07:00,22.56725476782355,88.36337133217128,48,43,7.3271706300566,8,2,3,5.3993888614190855,45.5,14.447243853905944
2,2,2024-01-01 08:08:00,22.56655881752981,88.3624940314255,42,43,7.3271706300566,8,2,3,5.304017164723493,42.5,14.815194862607413
2,2,2024-01-01 08:09:00,22.56594238244099,88.36191754212683,38,43,7.3271706300566,8,2,3,5.2245538131471445,40.5,15.067250353237556
2,2,2024-01-01 08:10:00,22.56645088952968,88.36215653762964,30,43,7.3271706300566,8,2,3,5.2849582291688355,36.5,16.014773198553314
2,2,2024-01-01 08:11:00,22.567418247380207,88.36163489783807,34,43,7.3271706300566,8,2,3,5.379504314780461,38.5,15.710813718026149
2,2,2024-01-01 08:12:00,22.56656750700888,88.36220028991956,54,43,7.3271706300566,8,2,3,5.298577653488518,48.5,13.882112057052705
2,2,2024-01-01 08:13:00,22.566951829692268,88.36132487351581,26,43,7.3271706300566,8,2,3,5.32247148906417,34.5,16.583642784950808
2,2,2024-01-01 08:14:00,22.567218208944293,88.36078266272551,23,43,7.3271706300566,8,2,3,5.341247841042101,33.0,17.03853034104224
2,2,2024-01-01 08:15:00,22.567448647820758,88.36039516996709,56,43,7.3271706300566,8,2,3,5.359470442249768,49.5,13.823498438844197
2,2,2024-01-01 08:16:00,22.56750273074858,88.36024733673487,55,43,7.3271706300566,8,2,3,5.362808393192652,49.0,13.893874784986378
2,2,2024-01-01 08:17:00,22.56827593917906,88.36014690603251,56,43,7.3271706300566,8,2,3,5.445861605451511,49.5,13.928215000300856
2,2,2024-01-01 08:18:00,22.56801145788081,88.35997516553756,54,43,7.3271706300566,8,2,3,5.413966529096849,48.5,14.02486118151662
2,2,2024-01-01 08:19:00,22.567365232171102,88.35974932305824,33,43,7.3271706300566,8,2,3,5.339310969859719,38.0,15.757661635098263
2,2,2024-01-01 08:20:00,22.56638729469996,88.3595816310546,24,43,7.3271706300566,8,2,3,5.229215285120997,33.5,16.692929349676294
2,2,2024-01-01 08:21:00,22.56622445594321,88.36016230652632,46,43,7.3271706300566,8,2,3,5.221262555836524,44.5,14.367075199723823
2,2,2024-01-01 08:22:00,22.566745035589456,88.35943652593778,40,43,7.3271706300566,8,2,3,5.2661347490966515,41.5,14.940859423931276
2,2,2024-01-01 08:23:00,22.56698293197547,88.3590835267276,58,43,7.3271706300566,8,2,3,5.286748288075272,50.5,13.608455724799498
2,2,2024-01-01 08:24:00,22.56646533489067,88.36003527423742,45,43,7.3271706300566,8,2,3,5.245434890211856,44.0,14.480036389436403
2,2,2024-01-01 08:25:00,22.56559456825036,88.359120540656,37,43,7.3271706300566,8,2,3,5.13472381125329,40.0,15.029256346936535
2,2,2024-01-01 08:26:00,22.56481404064771,88.35921645963394,36,43,7.3271706300566,8,2,3,5.050537420367733,39.5,14.998873040741763
2,2,2024-01-01 08:27:00,22.565502754813192,88.3584126247955,40,43,7.3271706300566,8,2,3,5.113926687023592,41.5,14.72079957515095
2,2,2024-01-01 08:28:00,22.564757154338565,88.3591419455798,45,43,7.3271706300566,8,2,3,5.043083497205821,44.0,14.204102671700902
2,2,2024-01-01 08:29:00,22.564709190597306,88.35889372215009,37,43,7.3271706300566,8,2,3,5.033868369775869,40.0,14.877973184720403
2,2,2024-01-01 08:30:00,22.564628084134117,88.35946375523775,48,43,7.3271706300566,8,2,3,5.034225763533678,45.5,13.965710098452659
2,2,2024-01-01 08:31:00,22.56389437414247,88.35866805429707,32,43,7.3271706300566,8,2,3,4.9407999018448985,37.5,15.232450473008438
2,2,2024-01-01 08:32:00,22.564780036425297,88.35928582122034,28,43,7.3271706300566,8,2,3,5.047938696288008,35.5,15.858898004064503
2,2,2024-01-01 08:33:00,22.56433877185317,88.36014645899002,48,43,7.3271706300566,8,2,3,5.014544379846678,45.5,13.939756625458813
2,2,2024-01-01 08:34:00,22.564261726782416,88.36042086194364,59,43,7.3271706300566,8,2,3,5.0112351767983165,51.0,13.222741426289915
2,2,2024-01-01 08:35:00,22.564034424602117,88.36032111080847,53,43,7.3271706300566,8,2,3,4.98450781309991,48.0,13.557805396431487
2,2,2024-01-01 08:36:00,22.56481320643437,88.36022235012193,34,43,7.3271706300566,8,2,3,5.067842837049546,38.5,15.225107518964982
2,2,2024-01-01 08:37:00,22.564024593394183,88.36119890066394,38,43,7.3271706300566,8,2,3,5.000748535697953,40.5,14.735686979238753
2,2,2024-01-01 08:38:00,22.5643850489526,88.36028224646515,42,43,7.3271706300566,8,2,3,5.0221149908722476,42.5,14.417215323052716
2,2,2024-01-01 08:39:00,22.564817695728728,88.35942641513715,42,43,7.3271706300566,8,2,3,5.054400153903681,42.5,14.46279437674415
2,2,2024-01-01 08:40:00,22.564028430796636,88.35849755687123,43,43,7.3271706300566,8,2,3,4.952938120520905,43.0,14.238247077295071
2,2,2024-01-01 08:41:00,22.564503447515552,88.35820405968823,39,43,7.3271706300566,8,2,3,5.000905873018152,41.0,14.645569468619751
2,2,2024-01-01 08:42:00,22.564202853975043,88.35875336675059,55,43,7.3271706300566,8,2,3,4.97603062229872,49.0,13.420269351238705
2,2,2024-01-01 08:43:00,22.564770539328578,88.3584630494711,26,43,7.3271706300566,8,2,3,5.034068370709114,34.5,16.08207214433332
2,2,2024-01-01 08:44:00,22.564869771416017,88.3591241183839,24,43,7.3271706300566,8,2,3,5.055163869936142,33.5,16.381195471733275
2,2,2024-01-01 08:45:00,22.564399864272666,88.35816600830597,27,43,7.3271706300566,8,2,3,4.988956545834,35.0,15.879667565772031
2,2,2024-01-01 08:46:00,22.564429179445813,88.35896380995399,51,43,7.3271706300566,8,2,3,5.00420746700328,47.0,13.715520587933128
2,2,2024-01-01 08:47:00,22.564967625741488,88.3592131370917,27,43,7.3271706300566,8,2,3,5.06734628741898,35.0,16.014049979917708
2,2,2024-01-01 08:48:00,22.56530232653758,88.3582339924905,21,43,7.3271706300566,8,2,3,5.089308059478203,32.0,16.869623241578232
2,2,2024-01-01 08:49:00,22.565532352473657,88.35878326005177,55,43,7.3271706300566,8,2,3,5.1226630332108725,49.0,13.599819242151547
2,2,2024-01-01 08:50:00,22.565592956740154,88.35786716249864,44,43,7.3271706300566,8,2,3,5.116310820274315,43.5,14.384151071814276
2,2,2024-01-01 08:51:00,22.566190385123463,88.35745280657204,29,43,7.3271706300566,8,2,3,5.17692869159375,36.0,15.955385116046184
2,2,2024-01-01 08:52:00,22.56541829839289,88.357424837578,59,43,7.3271706300566,8,2,3,5.091354939536905,51.0,13.316999970688254
2,2,2024-01-01 08:53:00,22.56591444475175,88.35804837715418,51,43,7.3271706300566,8,2,3,5.154183977317726,47.0,13.906979962802634
2,2,2024-01-01 08:54:00,22.565170636244485,88.35772491216616,53,43,7.3271706300566,8,2,3,5.0678629268180435,48.0,13.661999288579155
2,2,2024-01-01 08:55:00,22.565367699395853,88.35691493556415,59,43,7.3271706300566,8,2,3,5.079689778475431,51.0,13.3032762517924
2,2,2024-01-01 08:56:00,22.56523185316174,88.35679374554354,59,43,7.3271706300566,8,2,3,5.063307249068712,51.0,13.284002687784497
2,2,2024-01-01 08:57:00,22.56455922076467,88.35634132815856,44,43,7.3271706300566,8,2,3,4.984043256185029,43.5,14.201713052380779
2,2,2024-01-01 08:58:00,22.563802223517275,88.35573626913829,39,43,7.3271706300566,8,2,3,4.894295603380142,41.0,14.489554439881198
2,2,2024-01-01 08:59:00,22.563374037095752,88.35636816301623,40,43,7.3271706300566,8,2,3,4.8532414436926485,41.5,14.343905247443562
2,2,2024-01-01 09:00:00,22.56406706577313,88.35720601608351,58,36,1.5840302239808342,9,2,3,4.9394913238601,47.0,7.889763828908621
2,2,2024-01-01 09:01:00,22.564339207300595,88.35664814282642,37,36,1.5840302239808342,9,2,3,4.963013199222443,36.5,9.742408085716358
2,2,2024-01-01 09:02:00,22.56483559111255,88.35676376927744,27,36,1.5840302239808342,9,2,3,5.019172151265669,31.5,11.144358131153536
2,2,2024-01-01 09:03:00,22.565147914787914,88.35611862681637,42,36,1.5840302239808342,9,2,3,5.046933848913653,39.0,9.348543837694146
2,2,2024-01-01 09:04:00,22.56565428945974,88.35565728941297,41,36,1.5840302239808342,9,2,3,5.098726578132589,38.5,9.53009761847318
2,2,2024-01-01 09:05:00,22.564740636931333,88.35498691904444,47,36,1.5840302239808342,9,2,3,4.991991899061793,41.5,8.801367909371379
2,2,2024-01-01 09:06:00,22.565111232963563,88.35417066081986,48,36,1.5840302239808342,9,2,3,5.027690129712489,42.0,8.766444694998675
2,2,2024-01-01 09:07:00,22.56508802122369,88.35347201303529,50,36,1.5840302239808342,9,2,3,5.021595725606891,43.0,8.59090798064161
2,2,2024-01-01 09:08:00,22.56491485412229,88.35398838305744,32,36,1.5840302239808342,9,2,3,5.00486820191246,34.0,10.416150580296941
2,2,2024-01-01 09:09:00,22.56493157521612,88.35358347996008,52,36,1.5840302239808342,9,2,3,5.004709401146219,44.0,8.408633952816587
2,2,2024-01-01 09:10:00,22.56423471395929,88.35277099380137,38,36,1.5840302239808342,9,2,3,4.924248249070601,37.0,9.569297654906133
2,2,2024-01-01 09:11:00,22.56475695703338,88.35209113707128,44,36,1.5840302239808342,9,2,3,4.98084596772536,40.0,9.055299175568873
2,2,2024-01-01 09:12:00,22.565380461467115,88.35257456119432,35,36,1.5840302239808342,9,2,3,5.0510880785183,35.5,10.12108049753289
2,2,2024-01-01 09:13:00,22.56636408136981,88.35177291739349,22,36,1.5840302239808342,9,2,3,5.159202842830422,29.0,12.258243002250673
2,2,2024-01-01 09:14:00,22.567123714341697,88.35208803801905,51,36,1.5840302239808342,9,2,3,5.243989524027154,43.5,8.817119222638977
2,2,2024-01-01 09:15:00,22.567233884240306,88.35255418061111,44,36,1.5840302239808342,9,2,3,5.25707837897994,40.0,9.469647792450743
2,2,2024-01-01 09:16:00,22.567463840720983,88.35292994883086,58,36,1.5840302239808342,9,2,3,5.283631338899754,47.0,8.329091507682648
2,2,2024-01-01 09:17:00,22.56754123205567,88.35297826717232,32,36,1.5840302239808342,9,2,3,5.292380568787495,34.0,10.92352534537053
2,2,2024-01-01 09:18:00,22.56822116001624,88.35364362811102,45,36,1.5840302239808342,9,2,3,5.370418111347471,40.5,9.540205203754864
2,2,2024-01-01 09:19:00,22.567626121136566,88.35455977507125,33,36,1.5840302239808342,9,2,3,5.3091897968608395,34.5,10.817403783738817
3,3,2024-01-01 06:00:00,22.53640528356119,88.33344646315746,50,46,2.982169428089935,6,3,4,3.7219958230276697,48.0,7.634664206874522
3,3,2024-01-01 06:01:00,22.53565471167501,88.33321721492355,56,46,2.982169428089935,6,3,4,3.808694609304625,51.0,7.462986615507141
3,3,2024-01-01 06:02:00,22.53609885355142,88.33398960648448,23,46,2.982169428089935,6,3,4,3.7388602031491716,34.5,9.484534998784145
3,3,2024-01-01 06:03:00,22.535374499349736,88.33431569049348,54,46,2.982169428089935,6,3,4,3.8074588268974994,50.0,7.551120020366934
3,3,2024-01-01 06:04:00,22.53473124451835,88.33337383325417,59,46,2.982169428089935,6,3,4,3.9025123166302245,52.5,7.442183504238764
3,3,2024-01-01 06:05:00,22.534093883078203,88.33314918044367,23,46,2.982169428089935,6,3,4,3.977009900404659,34.5,9.898708385315429
3,3,2024-01-01 06:06:00,22.5342702876121,88.33311112622344,36,46,2.982169428089935,6,3,4,3.959289622274204,41.0,8.776251802149744
3,3,2024-01-01 06:07:00,22.534717097143325,88.33231940093928,33,46,2.982169428089935,6,3,4,3.9357053767701475,39.5,8.960456076348386
3,3,2024-01-01 06:08:00,22.533822705064264,88.33229259626377,23,46,2.982169428089935,6,3,4,4.0313496131522255,34.5,9.993212233572066
3,3,2024-01-01 06:09:00,22.534432683063624,88.33183223770402,49,46,2.982169428089935,6,3,4,3.98127102918744,47.5,8.011143359695122
3,3,2024-01-01 06:10:00,22.53442919442815,88.3309863542623,38,46,2.982169428089935,6,3,4,4.009782242715668,42.0,8.710429774826604
3,3,2024-01-01 06:11:00,22.534820025724805,88.33147820467993,41,46,2.982169428089935,6,3,4,3.952098849953202,43.5,8.433340255611594
3,3,2024-01-01 06:12:00,22.53423970971452,88.33212846601526,57,46,2.982169428089935,6,3,4,3.992241323369125,51.5,7.633324367937459
3,3,2024-01-01 06:13:00,22.53412010771043,88.33142337106868,38,46,2.982169428089935,6,3,4,4.027565983924859,42.0,8.735835119411163
3,3,2024-01-01 06:14:00,22.53329730856979,88.3308645949741,52,46,2.982169428089935,6,3,4,4.132713316228815,49.0,8.042634713268075
3,3,2024-01-01 06:15:00,22.533768634798268,88.3318612899969,47,46,2.982169428089935,6,3,4,4.050516300813102,46.5,8.20864207430039
3,3,2024-01-01 06:16:00,22.533611130904852,88.33213364472631,52,46,2.982169428089935,6,3,4,4.058685838192214,49.0,7.9519888217946875
3,3,2024-01-01 06:17:00,22.533982953446955,88.33311589758995,46,46,2.982169428089935,6,3,4,3.9898083568118783,46.0,8.18626728480108
3,3,2024-01-01 06:18:00,22.534462926220325,88.33401652309581,30,46,2.982169428089935,6,3,4,3.913330419369786,38.0,9.161112195515912
3,3,2024-01-01 06:19:00,22.53383187872659,88.33374099397912,24,46,2.982169428089935,6,3,4,3.9884758567200396,35.0,9.819556611038575
3,3,2024-01-01 06:20:00,22.53288427214365,88.3327893775069,22,46,2.982169428089935,6,3,4,4.116478840566817,34.0,10.246543852619613
3,3,2024-01-01 06:21:00,22.53292042967613,88.33238682865408,25,46,2.982169428089935,6,3,4,4.1243980269003115,35.5,9.95298299468201
3,3,2024-01-01 06:22:00,22.532439023193863,88.33224614227956,38,46,2.982169428089935,6,3,4,4.179819162771,42.0,8.953339660619935
3,3,2024-01-01 06:23:00,22.533122890327448,88.33161834511525,24,46,2.982169428089935,6,3,4,4.126514839624333,35.0,10.056194867445935
3,3,2024-01-01 06:24:00,22.533039264100925,88.33158428285941,40,46,2.982169428089935,6,3,4,4.136439364927367,43.0,8.753945286128122
3,3,2024-01-01 06:25:00,22.53330160539284,88.33068396691498,25,46,2.982169428089935,6,3,4,4.138361023264925,35.5,9.976582425157414
3,3,2024-01-01 06:26:00,22.53329452769755,88.33055766832021,58,46,2.982169428089935,6,3,4,4.143411692846544,52.0,7.763029073682101
3,3,2024-01-01 06:27:00,22.53382555349553,88.32987548465555,55,46,2.982169428089935,6,3,4,4.1120049610679885,50.5,7.8677198768835845
3,3,2024-01-01 06:28:00,22.534670799611707,88.32981960552394,50,46,2.982169428089935,6,3,4,4.026282258440531,48.0,8.0150222511406
3,3,2024-01-01 06:29:00,22.53380871564442,88.32893371496624,40,46,2.982169428089935,6,3,4,4.1488807739536675,43.0,8.771305391746216
3,3,2024-01-01 06:30:00,22.532881290889645,88.32848515467244,49,46,2.982169428089935,6,3,4,4.261750611569702,47.5,8.365433358493767
3,3,2024-01-01 06:31:00,22.53345554409485,88.32943482397799,47,46,2.982169428089935,6,3,4,4.166570880274383,46.5,8.358389918766559
3,3,2024-01-01 06:32:00,22.53397434061969,88.32933430366289,35,46,2.982169428089935,6,3,4,4.116557491270298,40.5,9.080773118860748
3,3,2024-01-01 06:33:00,22.53351061865988,88.3286470672717,32,46,2.982169428089935,6,3,4,4.190647378026073,39.0,9.429319240437739
3,3,2024-01-01 06:34:00,22.53257784586025,88.32777237367861,55,46,2.982169428089935,6,3,4,4.32078652633742,50.5,8.115777182154197
3,3,2024-01-01 06:35:00,22.5326426872248,88.32759456488381,40,46,2.982169428089935,6,3,4,4.321228994200026,43.0,9.011791280462065
3,3,2024-01-01 06:36:00,22.531815536446324,88.32706813350244,26,46,2.982169428089935,6,3,4,4.427032015641345,36.0,10.36055612082551
3,3,2024-01-01 06:37:00,22.532143115818677,88.32799492237086,51,46,2.982169428089935,6,3,4,4.356738358410798,48.5,8.3719488405569
3,3,2024-01-01 06:38:00,22.53290738704724,88.327781818064,34,46,2.982169428089935,6,3,4,4.286629150403444,40.0,9.4121131536951
3,3,2024-01-01 06:39:00,22.532744973685386,88.32730213364592,45,46,2.982169428089935,6,3,4,4.322594870868529,45.5,8.682294532531952
3,3,2024-01-01 06:40:00,22.53370756786638,88.3268151937708,56,46,2.982169428089935,6,3,4,4.245131177315287,51.0,7.976441401402036
3,3,2024-01-01 06:41:00,22.53415787932148,88.32619757517372,22,46,2.982169428089935,6,3,4,4.226716866889207,34.0,10.441081546129713
3,3,2024-01-01 06:42:00,22.53377527680823,88.3270916471492,38,46,2.982169428089935,6,3,4,4.226533188412237,42.0,9.020073982964558
3,3,2024-01-01 06:43:00,22.5334742895524,88.32631983871897,31,46,2.982169428089935,6,3,4,4.290031595708823,38.5,9.667932953869919
3,3,2024-01-01 06:44:00,22.53331026942014,88.32549751920915,23,46,2.982169428089935,6,3,4,4.342867999933257,34.5,10.534983341017337
3,3,2024-01-01 06:45:00,22.533432714996707,88.3255443010319,41,46,2.982169428089935,6,3,4,4.3285236563685645,43.5,8.952546885150024
3,3,2024-01-01 06:46:00,22.53324067074936,88.32562939263869,53,46,2.982169428089935,6,3,4,4.343923814072494,49.5,8.247531626965685
3,3,2024-01-01 06:47:00,22.53365634094382,88.32571646907337,58,46,2.982169428089935,6,3,4,4.298426682583311,52.0,7.94189252337837
3,3,2024-01-01 06:48:00,22.533108635047,88.32641030652955,25,46,2.982169428089935,6,3,4,4.323004505639654,35.5,10.288655916494983
3,3,2024-01-01 06:49:00,22.532440184127328,88.32730170282355,29,46,2.982169428089935,6,3,4,4.353738841153172,37.5,9.94815157393501
3,3,2024-01-01 06:50:00,22.53163530914781,88.32802567664035,21,46,2.982169428089935,6,3,4,4.407898470445703,33.5,10.876912957246418
3,3,2024-01-01 06:51:00,22.531726172886614,88.32715022285211,58,46,2.982169428089935,6,3,4,4.43287027475752,52.0,8.097019745117843
3,3,2024-01-01 06:52:00,22.53095004474066,88.3268621695997,59,46,2.982169428089935,6,3,4,4.523876319215102,52.5,8.152313792907194
3,3,2024-01-01 06:53:00,22.530053957895767,88.32743472599847,54,46,2.982169428089935,6,3,4,4.593700456988006,50.0,8.494609976475541
3,3,2024-01-01 06:54:00,22.52957119956554,88.32676413870534,51,46,2.982169428089935,6,3,4,4.669291948350084,48.5,8.758613075533338
3,3,2024-01-01 06:55:00,22.53008470257692,88.32680291042435,23,46,2.982169428089935,6,3,4,4.614985537838888,34.5,11.008231233027132
3,3,2024-01-01 06:56:00,22.530840362733223,88.32756207413425,59,46,2.982169428089935,6,3,4,4.507681399148875,52.5,8.133805312831505
3,3,2024-01-01 06:57:00,22.53035134942253,88.32845535004265,47,46,2.982169428089935,6,3,4,4.52493695743942,46.5,8.82079776026983
3,3,2024-01-01 06:58:00,22.531321328734816,88.32899937499526,59,46,2.982169428089935,6,3,4,4.404321104987816,52.5,8.015679262361726
3,3,2024-01-01 06:59:00,22.530451737917332,88.32892723774889,21,46,2.982169428089935,6,3,4,4.497570885590404,33.5,11.037520267953344
3,3,2024-01-01 07:00:00,22.53001659971471,88.32870869448011,27,45,5.608837524693529,7,3,4,4.550728870039027,36.0,13.193385641425241
3,3,2024-01-01 07:01:00,22.529227547114623,88.32902225468956,54,45,5.608837524693529,7,3,4,4.622342266774086,49.5,11.211676635934847
3,3,2024-01-01 07:02:00,22.529022309895595,88.32820907063352,44,45,5.608837524693529,7,3,4,4.672219250026561,44.5,11.908458985403499
3,3,2024-01-01 07:03:00,22.5299512632034,88.32761660355177,24,45,5.608837524693529,7,3,4,4.597433860136665,34.5,13.604374672757292
3,3,2024-01-01 07:04:00,22.529139335412268,88.32732994550005,29,45,5.608837524693529,7,3,4,4.692229653619917,37.0,13.21785858461772
3,3,2024-01-01 07:05:00,22.528692218793434,88.32695464370383,55,45,5.608837524693529,7,3,4,4.752621703420624,50.0,11.31198356879828
3,3,2024-01-01 07:06:00,22.52848415973876,88.32778482384064,28,45,5.608837524693529,7,3,4,4.743511225856943,36.5,13.40639022473234
3,3,2024-01-01 07:07:00,22.528524540785263,88.32768002972128,59,45,5.608837524693529,7,3,4,4.743103102452454,52.0,11.081648796754052
3,3,2024-01-01 07:08:00,22.529111063486138,88.32731355307541,25,45,5.608837524693529,7,3,4,4.695771064090501,35.0,13.658730777420102
3,3,2024-01-01 07:09:00,22.528837264959407,88.32810792575734,22,45,5.608837524693529,7,3,4,4.695123364154268,33.5,14.018013699298189
3,3,2024-01-01 07:10:00,22.52885136716714,88.32830415101607,59,45,5.608837524693529,7,3,4,4.686677806650476,52.0,11.01654268621331
3,3,2024-01-01 07:11:00,22.529639346587157,88.32861273612072,27,45,5.608837524693529,7,3,4,4.593503141924837,36.0,13.264676094568259
3,3,2024-01-01 07:12:00,22.52951999342389,88.32884333217086,56,45,5.608837524693529,7,3,4,4.597886921330007,50.5,11.071673470828191
3,3,2024-01-01 07:13:00,22.530284826160702,88.32945053924175,38,45,5.608837524693529,7,3,4,4.496840250956555,41.5,12.11029330920903
3,3,2024-01-01 07:14:00,22.531261658139528,88.32942125720807,35,45,5.608837524693529,7,3,4,4.395576970376096,40.0,12.202202980257674
3,3,2024-01-01 07:15:00,22.53171202923558,88.32906727960484,40,45,5.608837524693529,7,3,4,4.36119332079737,42.5,11.76581633052511
3,3,2024-01-01 07:16:00,22.53247588475219,88.32892225898068,47,45,5.608837524693529,7,3,4,4.287156338995247,46.0,11.200780575556895
3,3,2024-01-01 07:17:00,22.53284960674754,88.3281083199536,46,45,5.608837524693529,7,3,4,4.279639106420992,45.5,11.252317665028905
3,3,2024-01-01 07:18:00,22.53328831399228,88.32888883605963,23,45,5.608837524693529,7,3,4,4.204320985172126,34.0,13.028227498526693
3,3,2024-01-01 07:19:00,22.534235228772232,88.32856251706336,24,45,5.608837524693529,7,3,4,4.119453718284048,34.5,12.7731048608397
3,3,2024-01-01 07:20:00,22.53487335579996,88.32864410457333,28,45,5.608837524693529,7,3,4,4.0507917001494205,36.5,12.267673196172028
3,3,2024-01-01 07:21:00,22.535392520620185,88.32962023570663,38,45,5.608837524693529,7,3,4,3.9591795897052298,41.5,11.332952594146873
3,3,2024-01-01 07:22:00,22.536035794415607,88.32953876610098,21,45,5.608837524693529,7,3,4,3.8960986047753705,33.0,12.692653169739657
3,3,2024-01-01 07:23:00,22.535544438377965,88.33017727631072,40,45,5.608837524693529,7,3,4,3.922428829042595,42.5,11.14638410687131
3,3,2024-01-01 07:24:00,22.535214854472702,88.329524799497,31,45,5.608837524693529,7,3,4,3.981166455517928,38.0,11.894889822879732
3,3,2024-01-01 07:25:00,22.53444074088953,88.32869915843266,40,45,5.608837524693529,7,3,4,4.092961654846177,42.5,11.387136331535192
3,3,2024-01-01 07:26:00,22.53392048911504,88.32798310241218,52,45,5.608837524693529,7,3,4,4.17487755502568,48.5,10.773634499983029
3,3,2024-01-01 07:27:00,22.534418141788965,88.32828539758194,37,45,5.608837524693529,7,3,4,4.111787834149926,41.0,11.62608801369342
3,3,2024-01-01 07:28:00,22.53489428003564,88.32889778934394,41,45,5.608837524693529,7,3,4,4.038563238285672,43.0,11.244042043231676
3,3,2024-01-01 07:29:00,22.535852489911672,88.32916607362053,49,45,5.608837524693529,7,3,4,3.9296398127952084,47.0,10.625398987836348
3,3,2024-01-01 07:30:00,22.536331079382,88.32837876107304,39,45,5.608837524693529,7,3,4,3.913123414638574,42.0,11.199013831320062
3,3,2024-01-01 07:31:00,22.536703733775376,88.32751804336937,54,45,5.608837524693529,7,3,4,3.9128221985605864,49.5,10.351652310827573
3,3,2024-01-01 07:32:00,22.53603799779832,88.32782860818875,58,45,5.608837524693529,7,3,4,3.9662096901643826,51.5,10.229664348186013
3,3,2024-01-01 07:33:00,22.536712080048805,88.32738716036566,20,45,5.608837524693529,7,3,4,3.917824946263801,32.5,12.84174511779593
3,3,2024-01-01 07:34:00,22.537100381195824,88.32741246987194,22,45,5.608837524693529,7,3,4,3.877865774266757,33.5,12.554268762186227
3,3,2024-01-01 07:35:00,22.536821136835684,88.3265494806852,57,45,5.608837524693529,7,3,4,3.94527006769949,51.0,10.250331721987045
3,3,2024-01-01 07:36:00,22.53762835252438,88.3260150069794,33,45,5.608837524693529,7,3,4,3.8913068656193124,39.0,11.595463471800162
3,3,2024-01-01 07:37:00,22.53820524721089,88.32634497678636,28,45,5.608837524693529,7,3,4,3.8187606314534337,36.5,11.886252261329311
3,3,2024-01-01 07:38:00,22.538506784306005,88.32709343023464,37,45,5.608837524693529,7,3,4,3.7530918746874757,41.0,11.101167097406908
3,3,2024-01-01 07:39:00,22.538627665567965,88.32631540917306,46,45,5.608837524693529,7,3,4,3.778955535734858,45.5,10.59207559379444
3,3,2024-01-01 07:40:00,22.53808112633381,88.3260786330528,57,45,5.608837524693529,7,3,4,3.8439413869496053,51.0,10.131121509340122
3,3,2024-01-01 07:41:00,22.537906648592344,88.32668334171112,54,45,5.608837524693529,7,3,4,3.8317456721475227,49.5,10.253377733357194
3,3,2024-01-01 07:42:00,22.53694264877024,88.32652622979428,39,45,5.608837524693529,7,3,4,3.934329347206562,42.0,11.229308020702904
3,3,2024-01-01 07:43:00,22.537778801874637,88.32608630445338,33,45,5.608837524693529,7,3,4,3.8731074869747144,39.0,11.56746442773155
3,3,2024-01-01 07:44:00,22.53872435452042,88.32673838255671,38,45,5.608837524693529,7,3,4,3.748781952015274,41.5,11.028763238450551
3,3,2024-01-01 07:45:00,22.539334168074102,88.3257743956679,38,45,5.608837524693529,7,3,4,3.737800608981411,41.5,11.012886597919664
3,3,2024-01-01 07:46:00,22.53957685706861,88.32589276528157,26,45,5.608837524693529,7,3,4,3.7083568380624876,35.5,11.876482884799142
3,3,2024-01-01 07:47:00,22.54032236474774,88.32511792606239,38,45,5.608837524693529,7,3,4,3.6782405967763525,41.5,10.926775736900304
3,3,2024-01-01 07:48:00,22.539562859200764,88.32425460793345,57,45,5.608837524693529,7,3,4,3.796883901993109,51.0,10.075759762332481
3,3,2024-01-01 07:49:00,22.539046646857283,88.323279416006,36,45,5.608837524693529,7,3,4,3.8992953705118327,40.5,11.38557140693328
3,3,2024-01-01 07:50:00,22.539695716473457,88.32242789775198,44,45,5.608837524693529,7,3,4,3.8882158355531398,44.5,10.851375729933718
3,3,2024-01-01 07:51:00,22.54018210287092,88.32152418342393,33,45,5.608837524693529,7,3,4,3.8981622779286,39.0,11.606010259968297
3,3,2024-01-01 07:52:00,22.540936581785243,88.32227870694959,23,45,5.608837524693529,7,3,4,3.784689253148569,34.0,12.287700912602768
3,3,2024-01-01 07:53:00,22.541721186781523,88.32164936730865,41,45,5.608837524693529,7,3,4,3.753776632582078,43.0,10.846665384110382
3,3,2024-01-01 07:54:00,22.541200207121346,88.32223852386605,35,45,5.608837524693529,7,3,4,3.763505330521782,40.0,11.254095520476202
3,3,2024-01-01 07:55:00,22.54105857230813,88.32177407721703,49,45,5.608837524693529,7,3,4,3.804623388390042,47.0,10.465803552425498
3,3,2024-01-01 07:56:00,22.54110146368622,88.3209013590356,40,45,5.608837524693529,7,3,4,3.855328713277597,42.5,11.051654531673666
3,3,2024-01-01 07:57:00,22.540541914288976,88.32087810829357,39,45,5.608837524693529,7,3,4,3.906000871394281,42.0,11.188838769542503
3,3,2024-01-01 07:58:00,22.54136116792785,88.32121650881945,28,45,5.608837524693529,7,3,4,3.8126547151167123,36.5,11.876215138584016
3,3,2024-01-01 07:59:00,22.54049054171488,88.32212815778689,36,45,5.608837524693529,7,3,4,3.833899092840493,40.5,11.288688032605371
3,3,2024-01-01 08:00:00,22.54052543441839,88.32198901260753,27,38,4.137993885625564,8,3,4,3.839157382187125,32.5,11.225669052740257
3,3,2024-01-01 08:01:00,22.54134678757726,88.32191787907998,31,38,4.137993885625564,8,3,4,3.770133469649791,34.5,10.694747745886069
3,3,2024-01-01 08:02:00,22.541550634439293,88.32270292565988,34,38,4.137993885625564,8,3,4,3.703857153077953,36.0,10.311089140755485
3,3,2024-01-01 08:03:00,22.540891798262408,88.32359914230022,48,38,4.137993885625564,8,3,4,3.710443613001144,43.0,9.315357066557393
3,3,2024-01-01 08:04:00,22.54107519258702,88.3240044098464,57,38,4.137993885625564,8,3,4,3.670173520594086,47.5,8.774002543218094
3,3,2024-01-01 08:05:00,22.541428045311697,88.32326779672334,23,38,4.137993885625564,8,3,4,3.6809882499078492,30.5,11.379282246100022
3,3,2024-01-01 08:06:00,22.541197067966987,88.32324313086059,23,38,4.137993885625564,8,3,4,3.703421591341437,30.5,11.423413409575932
3,3,2024-01-01 08:07:00,22.540722419252184,88.32278626839009,41,38,4.137993885625564,8,3,4,3.7735988605501993,39.5,9.870042787727133
3,3,2024-01-01 08:08:00,22.541209607084536,88.32279880050908,46,38,4.137993885625564,8,3,4,3.728757296824262,42.0,9.464790023945937
3,3,2024-01-01 08:09:00,22.541023550903805,88.32358176054032,42,38,4.137993885625564,8,3,4,3.6993770320470674,40.0,9.687059433696165
3,3,2024-01-01 08:10:00,22.540747257090217,88.32352674725034,37,38,4.137993885625564,8,3,4,3.7279066903858005,37.5,10.102644590242845
3,3,2024-01-01 08:11:00,22.541562017419643,88.32300446057114,45,38,4.137993885625564,8,3,4,3.6846191122926815,41.5,9.465154047976428
3,3,2024-01-01 08:12:00,22.54146294802296,88.32295040326333,20,38,4.137993885625564,8,3,4,3.696800486945486,29.0,11.786546617236914
3,3,2024-01-01 08:13:00,22.54085514344844,88.32317196340549,54,38,4.137993885625564,8,3,4,3.7387466324239793,46.0,9.01461992791771
3,3,2024-01-01 08:14:00,22.540269128605317,88.32320510866238,39,38,4.137993885625564,8,3,4,3.790439618694688,38.5,10.04517251216274
3,3,2024-01-01 08:15:00,22.54097740060061,88.32230410236937,57,38,4.137993885625564,8,3,4,3.7794856306174625,47.5,8.912080997984464
3,3,2024-01-01 08:16:00,22.540050843325616,88.32152015387763,27,38,4.137993885625564,8,3,4,3.910174681152215,32.5,11.356777912368116
3,3,2024-01-01 08:17:00,22.539976547235646,88.3213972308547,45,38,4.137993885625564,8,3,4,3.9243015466988225,41.5,9.811682868804585
3,3,2024-01-01 08:18:00,22.540609911586547,88.32096635545822,28,38,4.137993885625564,8,3,4,3.894487761656148,33.0,11.218880725000378
3,3,2024-01-01 08:19:00,22.5398375883735,88.32065680174382,36,38,4.137993885625564,8,3,4,3.982100551856644,37.0,10.595454239987689
3,3,2024-01-01 08:20:00,22.53998714748203,88.31971613818995,58,38,4.137993885625564,8,3,4,4.0279545496160445,48.0,9.17293707264562
3,3,2024-01-01 08:21:00,22.53907685461808,88.3196173322279,30,38,4.137993885625564,8,3,4,4.114067358549456,34.0,11.398112753654017
3,3,2024-01-01 08:22:00,22.53885659932396,88.3200770528456,20,38,4.137993885625564,8,3,4,4.105078331227396,29.0,12.631259398509831
3,3,2024-01-01 08:23:00,22.539671821329076,88.32050511813453,27,38,4.137993885625564,8,3,4,4.006197534337546,32.5,11.53405087209488
3,3,2024-01-01 08:24:00,22.540021037034904,88.32009857341674,31,38,4.137993885625564,8,3,4,4.000768717507053,34.5,11.095852524768265
3,3,2024-01-01 08:25:00,22.540931158057877,88.32074096998184,45,38,4.137993885625564,8,3,4,3.880392657543609,41.5,9.748200137495841
3,3,2024-01-01 08:26:00,22.541656919063698,88.3197451776682,27,38,4.137993885625564,8,3,4,3.881981593686524,32.5,11.304729135508378
3,3,2024-01-01 08:27:00,22.541172133504364,88.31886422706889,49,38,4.137993885625564,8,3,4,3.9815448860254974,43.5,9.629779935315906
3,3,2024-01-01 08:28:00,22.54154531333135,88.31809320234501,39,38,4.137993885625564,8,3,4,4.002271720341112,38.5,10.375300462780544
3,3,2024-01-01 08:29:00,22.5421460230894,88.31841853137114,49,38,4.137993885625564,8,3,4,3.9302165346262026,43.5,9.558982209247912
3,3,2024-01-01 08:30:00,22.541388073090367,88.3182564269515,56,38,4.137993885625564,8,3,4,4.004253766146072,47.0,9.24980720410991
3,3,2024-01-01 08:31:00,22.54218871562652,88.3180649064108,39,38,4.137993885625564,8,3,4,3.951088615454957,38.5,10.295534585035888
3,3,2024-01-01 08:32:00,22.54268841715539,88.31789025706297,34,38,4.137993885625564,8,3,4,3.9224853020616837,36.0,10.675469389061703
3,3,2024-01-01 08:33:00,22.543045757068736,88.31761409704464,48,38,4.137993885625564,8,3,4,3.9131837709876645,43.0,9.598250310259514
3,3,2024-01-01 08:34:00,22.543243141873376,88.31761840426456,30,38,4.137993885625564,8,3,4,3.8970772597922156,34.0,11.015189049964768
3,3,2024-01-01 08:35:00,22.543468288810065,88.31836580145149,28,38,4.137993885625564,8,3,4,3.825890587517219,33.0,11.094158590202326
3,3,2024-01-01 08:36:00,22.543744042995392,88.31884776395204,39,38,4.137993885625564,8,3,4,3.7696059328934237,38.5,10.012704430394535
3,3,2024-01-01 08:37:00,22.542876930684105,88.31891569889713,48,38,4.137993885625564,8,3,4,3.835680112205805,43.0,9.49010567009878
3,3,2024-01-01 08:38:00,22.543516955942344,88.31930546364448,59,38,4.137993885625564,8,3,4,3.756119557668511,48.5,8.784739730163928
3,3,2024-01-01 08:39:00,22.54310703735765,88.31927746463208,31,38,4.137993885625564,8,3,4,3.7917804635680623,34.5,10.73239469183089
3,3,2024-01-01 08:40:00,22.54219451550227,88.31852347122232,34,38,4.137993885625564,8,3,4,3.9190028538693884,36.0,10.669665308741212
3,3,2024-01-01 08:41:00,22.542127731071663,88.31915691762744,50,38,4.137993885625564,8,3,4,3.8814469054242884,44.0,9.430876029385956
3,3,2024-01-01 08:42:00,22.542818939797645,88.31954190328078,57,38,4.137993885625564,8,3,4,3.7976007539165346,47.5,8.934963258993818
3,3,2024-01-01 08:43:00,22.542626735525985,88.31869713257024,37,38,4.137993885625564,8,3,4,3.87136744884027,37.5,10.332181803769995
3,3,2024-01-01 08:44:00,22.542239362523546,88.31927510289007,28,38,4.137993885625564,8,3,4,3.864113937188124,33.0,11.163655589603971
3,3,2024-01-01 08:45:00,22.542007841763816,88.31917534961244,53,38,4.137993885625564,8,3,4,3.8902586176854475,45.5,9.268005249606375
3,3,2024-01-01 08:46:00,22.54252654381532,88.31837309684772,34,38,4.137993885625564,8,3,4,3.9020071409993156,36.0,10.641339120624423
3,3,2024-01-01 08:47:00,22.542690941308507,88.3181154416946,30,38,4.137993885625564,8,3,4,3.906500554713126,34.0,11.031818393942846
3,3,2024-01-01 08:48:00,22.5424768897592,88.31816706689234,55,38,4.137993885625564,8,3,4,3.920377441882253,46.5,9.196545423538147
3,3,2024-01-01 08:49:00,22.5418106101626,88.31802812556927,53,38,4.137993885625564,8,3,4,3.9847618457157923,45.5,9.39262489096507
3,3,2024-01-01 08:50:00,22.540900167063604,88.31855193920954,23,38,4.137993885625564,8,3,4,4.0253673063307644,30.5,12.056749242341821
3,3,2024-01-01 08:51:00,22.540579704717903,88.31858641797297,39,38,4.137993885625564,8,3,4,4.050243629675546,38.5,10.450061879925116
3,3,2024-01-01 08:52:00,22.54085350935281,88.31826762630612,37,38,4.137993885625564,8,3,4,4.0483212578379115,37.5,10.615307898166222
3,3,2024-01-01 08:53:00,22.541436949871336,88.31845960399049,50,38,4.137993885625564,8,3,4,3.9864088440386745,44.0,9.574005945678302
3,3,2024-01-01 08:54:00,22.542131228850725,88.31852177468026,57,38,4.137993885625564,8,3,4,3.9243593121390536,47.5,9.095079332538052
3,3,2024-01-01 08:55:00,22.5422506057404,88.31773229305065,31,38,4.137993885625564,8,3,4,3.969156151927045,34.5,11.040874149846513
3,3,2024-01-01 08:56:00,22.541707579233908,88.31868719728664,24,38,4.137993885625564,8,3,4,3.948369965317107,31.0,11.780000270110287
3,3,2024-01-01 08:57:00,22.542635614048145,88.3184556107126,22,38,4.137993885625564,8,3,4,3.8873386907323217,30.0,11.912671267090207
3,3,2024-01-01 08:58:00,22.54205334218956,88.31930688537265,46,38,4.137993885625564,8,3,4,3.87758780119475,42.0,9.677405030189494
3,3,2024-01-01 08:59:00,22.54137339206249,88.3183535895653,46,38,4.137993885625564,8,3,4,3.998897484041566,42.0,9.850704577113515
3,3,2024-01-01 09:00:00,22.54134909445687,88.31761368513033,34,26,2.569297861044923,9,3,4,4.051377948864747,30.0,10.672053758774418
3,3,2024-01-01 09:01:00,22.54226093211478,88.31724161856508,56,26,2.569297861044923,9,3,4,4.00275469839566,41.0,8.426987663575158
3,3,2024-01-01 09:02:00,22.54214918754111,88.3182313345112,42,26,2.569297861044923,9,3,4,3.942838077719709,34.0,9.527247409962056
3,3,2024-01-01 09:03:00,22.54311721386753,88.31780814538683,28,26,2.569297861044923,9,3,4,3.8936581480267725,27.0,11.22187152332664
3,3,2024-01-01 09:04:00,22.542888237677005,88.31748891959535,36,26,2.569297861044923,9,3,4,3.9347221894483173,31.0,10.184889195461022
3,3,2024-01-01 09:05:00,22.54384845566183,88.31744467649139,23,26,2.569297861044923,9,3,4,3.8615841958847645,24.5,12.02623874892598
3,3,2024-01-01 09:06:00,22.54393186528665,88.3179684801166,32,26,2.569297861044923,9,3,4,3.8171446016688333,29.0,10.466838416221819
3,3,2024-01-01 09:07:00,22.54381274798728,88.3175731466153,42,26,2.569297861044923,9,3,4,3.8550917542397545,34.0,9.372400956762137
3,3,2024-01-01 09:08:00,22.544230775435853,88.31692748846585,51,26,2.569297861044923,9,3,4,3.869615163946698,38.5,8.599866947715102
3,3,2024-01-01 09:09:00,22.543915671393524,88.31646798385012,40,26,2.569297861044923,9,3,4,3.9279015274206355,33.0,9.710937001809715
3,3,2024-01-01 09:10:00,22.544031089046022,88.31616253792818,30,26,2.569297861044923,9,3,4,3.941707777492642,28.0,11.015814527100584
3,3,2024-01-01 09:11:00,22.54419705789835,88.31716196553649,47,26,2.569297861044923,9,3,4,3.8549625699420287,36.5,8.906222633552368
3,3,2024-01-01 09:12:00,22.544449526541197,88.31713976120007,32,26,2.569297861044923,9,3,4,3.837035516261755,29.0,10.507992032620969
3,3,2024-01-01 09:13:00,22.54491868238744,88.31674073997127,36,26,2.569297861044923,9,3,4,3.830828640739913,31.0,9.983804907638303
3,3,2024-01-01 09:14:00,22.5450574371098,88.31698206093091,41,26,2.569297861044923,9,0,1,9.077839061847005,33.5,18.828114091218666
3,3,2024-01-01 09:15:00,22.545519073167224,88.31627802922564,56,26,2.569297861044923,9,0,1,9.165815609372464,41.0,15.982686557687554
3,3,2024-01-01 09:16:00,22.5454701652422,88.31636407839356,24,26,2.569297861044923,9,0,1,9.155457329137073,25.0,24.5423954509739
3,3,2024-01-01 09:17:00,22.544734910000265,88.31655010739428,38,26,2.569297861044923,9,3,4,3.8590840517081855,32.0,9.805080457997772
3,3,2024-01-01 09:18:00,22.545179196471175,88.31661688065181,53,26,2.569297861044923,9,0,1,9.117293891877406,39.5,16.418351874023262
3,3,2024-01-01 09:19:00,22.54425515959776,88.31710860072906,31,26,2.569297861044923,9,3,4,3.8543766943782543,28.5,10.683775112367563
4,4,2024-01-01 06:00:00,22.554865812094786,88.30484302770576,39,44,6.971515921972502,6,4,4,1.4011072307970138,41.5,8.997213123124812
4,4,2024-01-01 06:01:00,22.55416340403359,88.3047683789159,25,44,6.971515921972502,6,4,4,1.4097395536340136,34.5,9.423236884814266
4,4,2024-01-01 06:02:00,22.5541472662338,88.30437327387247,51,44,6.971515921972502,6,4,4,1.4503523986881328,47.5,8.803540004525933
4,4,2024-01-01 06:03:00,22.553718833344853,88.30377972005465,55,44,6.971515921972502,6,4,4,1.513844315198701,49.5,8.806478728273959
4,4,2024-01-01 06:04:00,22.553601280772163,88.30399123066093,43,44,6.971515921972502,6,4,4,1.4931632083044282,43.5,9.031051381702747
4,4,2024-01-01 06:05:00,22.55433243506341,88.3049527093481,36,44,6.971515921972502,6,4,4,1.3901892113546663,40.0,9.056799739004502
4,4,2024-01-01 06:06:00,22.554219346736176,88.3051569433188,37,44,6.971515921972502,6,4,4,1.3696282134257824,40.5,9.000594756677366
4,4,2024-01-01 06:07:00,22.554832525420828,88.30510991008636,23,44,6.971515921972502,6,4,4,1.3736512137409416,33.5,9.431786752553293
4,4,2024-01-01 06:08:00,22.55395146855856,88.30411624578352,28,44,6.971515921972502,6,4,4,1.4777455995747106,36.0,9.43442525459702
4,4,2024-01-01 06:09:00,22.554645406266975,88.3049024261939,36,44,6.971515921972502,6,4,4,1.3948442063657287,40.0,9.063782231521095
4,4,2024-01-01 06:10:00,22.554269204426987,88.30441452132412,38,44,6.971515921972502,6,4,4,1.4456369008095786,41.0,9.087082118279202
4,4,2024-01-01 06:11:00,22.554290069404995,88.30466770634631,24,44,6.971515921972502,6,4,4,1.4195786914476414,34.0,9.476654789233045
4,4,2024-01-01 06:12:00,22.55475812893017,88.30519289913569,50,44,6.971515921972502,6,4,4,1.365046409809868,47.0,8.714128360027653
4,4,2024-01-01 06:13:00,22.555133573015038,88.30563831305109,41,44,6.971515921972502,6,4,4,1.3202728730452076,42.5,8.835430566271619
4,4,2024-01-01 06:14:00,22.55440244327385,88.30523710422783,29,44,6.971515921972502,6,4,4,1.360802144766609,36.5,9.208450954465558
4,4,2024-01-01 06:15:00,22.55504203888382,88.30490391887214,35,44,6.971515921972502,6,4,4,1.3952960256429248,39.5,9.090952922949096
4,4,2024-01-01 06:16:00,22.554463448811557,88.30581881491023,54,44,6.971515921972502,6,4,4,1.300942905285028,49.0,8.564507234566413
4,4,2024-01-01 06:17:00,22.55545909052292,88.30617245750794,54,44,6.971515921972502,6,4,4,1.267450799806351,49.0,8.523496493163952
4,4,2024-01-01 06:18:00,22.555048329315607,88.30520108806327,59,44,6.971515921972502,6,4,4,1.3648146735573468,51.5,8.561591269806303
4,4,2024-01-01 06:19:00,22.55473189412508,88.30546690072462,20,44,6.971515921972502,6,4,4,1.3368920766524723,32.0,9.478188565695888
4,4,2024-01-01 06:20:00,22.554017594699683,88.30597375656914,34,44,6.971515921972502,6,4,4,1.2868820389731364,39.0,8.951334443469635
4,4,2024-01-01 06:21:00,22.55466144797156,88.30659212291143,24,44,6.971515921972502,6,4,4,1.2213266052789697,34.0,9.126798166582448
4,4,2024-01-01 06:22:00,22.55535329085092,88.3068193311399,20,44,6.971515921972502,6,4,4,1.2003907976532806,32.0,9.222248667572403
4,4,2024-01-01 06:23:00,22.555151491227065,88.30726563011284,59,44,6.971515921972502,6,4,4,1.1533995726028154,51.5,8.315282414325297
4,4,2024-01-01 06:24:00,22.55496657728913,88.30707984309109,33,44,6.971515921972502,6,4,4,1.171701791188988,38.5,8.797544687461833
4,4,2024-01-01 06:25:00,22.554578851970888,88.30717810376365,57,44,6.971515921972502,6,4,4,1.1611973086549672,50.5,8.351156288691275
4,4,2024-01-01 06:26:00,22.555195322390905,88.30807347981558,33,44,6.971515921972502,6,4,4,1.0707916361001313,38.5,8.640282108102577
4,4,2024-01-01 06:27:00,22.554207499887383,88.30727536221553,53,44,6.971515921972502,6,4,4,1.1523194270283363,48.5,8.397065728605495
4,4,2024-01-01 06:28:00,22.55380663124329,88.30642908636608,57,44,6.971515921972502,6,4,4,1.241797562387164,50.5,8.446918966392895
4,4,2024-01-01 06:29:00,22.554395662332272,88.30684325932062,53,44,6.971515921972502,6,4,4,1.1959301117434513,48.5,8.451017091139658
4,4,2024-01-01 06:30:00,22.553541466003008,88.30664900588589,21,44,6.971515921972502,6,4,4,1.221961989082021,32.5,9.22744574797008
4,4,2024-01-01 06:31:00,22.55300623464912,88.3062110148837,50,44,6.971515921972502,6,4,4,1.2739905964181666,47.0,8.597886896123352
4,4,2024-01-01 06:32:00,22.552591264831264,88.30551567406263,27,44,6.971515921972502,6,4,4,1.351804878511967,35.5,9.256256561711037
4,4,2024-01-01 06:33:00,22.55163531867371,88.30568218904754,46,44,6.971515921972502,6,4,4,1.3574220787935773,45.0,8.781412027030605
4,4,2024-01-01 06:34:00,22.551087376669344,88.3059631411319,58,44,6.971515921972502,6,4,4,1.3462588910238638,51.0,8.555349911412343
4,4,2024-01-01 06:35:00,22.55129436286143,88.30567876930013,32,44,6.971515921972502,6,4,4,1.3676823775344142,38.0,9.131014412816313
4,4,2024-01-01 06:36:00,22.55054020421836,88.30645608746066,44,44,6.971515921972502,6,4,4,1.3179460695248795,44.0,8.768715107688246
4,4,2024-01-01 06:37:00,22.551274071155063,88.30636398115688,42,44,6.971515921972502,6,4,4,1.300817565929953,43.0,8.786610200014296
4,4,2024-01-01 06:38:00,22.55152363888064,88.30550753276933,55,44,6.971515921972502,6,4,4,1.3779037269093368,49.5,8.641702257620183
4,4,2024-01-01 06:39:00,22.55157619580132,88.30543387820283,51,44,6.971515921972502,6,4,4,1.383755513947578,47.5,8.719417623801021
4,4,2024-01-01 06:40:00,22.551156136039204,88.30556045606474,43,44,6.971515921972502,6,4,4,1.3836328192376297,43.5,8.879974982989923
4,4,2024-01-01 06:41:00,22.55044188796188,88.30611114836555,23,44,6.971515921972502,6,4,4,1.354959655496602,33.5,9.398309334802237
4,4,2024-01-01 06:42:00,22.550244779223707,88.30542839665459,37,44,6.971515921972502,6,4,4,1.428327098991207,40.5,9.087556068626142
4,4,2024-01-01 06:43:00,22.549512435949705,88.30568751204838,53,44,6.971515921972502,6,4,4,1.4339693421700912,48.5,8.745498613316945
4,4,2024-01-01 06:44:00,22.549055530044527,88.30549240532325,30,44,6.971515921972502,6,4,4,1.4731618812300402,37.0,9.360427080723918
4,4,2024-01-01 06:45:00,22.54843360909398,88.30605843859789,50,44,6.971515921972502,6,4,4,1.4524531897276727,47.0,8.825711483326979
4,4,2024-01-01 06:46:00,22.54798594820962,88.3064723915728,37,44,6.971515921972502,6,4,4,1.4402985740164662,40.5,9.105291587182082
4,4,2024-01-01 06:47:00,22.548152481245246,88.30640632757273,42,44,6.971515921972502,6,4,4,1.4366822479095935,43.0,8.9761888260324
4,4,2024-01-01 06:48:00,22.54764612898365,88.30688813568503,25,44,6.971515921972502,6,4,4,1.4242724212366307,34.5,9.448511437166642
4,4,2024-01-01 06:49:00,22.54850790372777,88.3075415650049,48,44,6.971515921972502,6,4,4,1.316317839890169,46.0,8.688452234872722
4,4,2024-01-01 06:50:00,22.54863787244312,88.3082746609684,38,44,6.971515921972502,6,4,4,1.2448073203394143,41.0,8.793185171249693
4,4,2024-01-01 06:51:00,22.54921573738667,88.30905840525801,23,44,6.971515921972502,6,4,4,1.1424307980482808,33.5,9.017660634894796
4,4,2024-01-01 06:52:00,22.54906050643104,88.30881303258083,32,44,6.971515921972502,6,4,4,1.1729493658069121,38.0,8.823541236404468
4,4,2024-01-01 06:53:00,22.549410786553334,88.30804507794353,31,44,6.971515921972502,6,4,4,1.221315578552427,37.5,8.925620847656385
4,4,2024-01-01 06:54:00,22.54939841463425,88.30782037555444,42,44,6.971515921972502,6,4,4,1.242270183485944,43.0,8.7049161779994
4,4,2024-01-01 06:55:00,22.550086912039063,88.30817207104737,46,44,6.971515921972502,6,4,4,1.1753787464268668,45.0,8.53868758387499
4,4,2024-01-01 06:56:00,22.54959537480656,88.30892309350047,42,44,6.971515921972502,6,4,4,1.1326123168126188,43.0,8.551905201245923
4,4,2024-01-01 06:57:00,22.550527469816817,88.30944516908097,56,44,6.971515921972502,6,4,4,1.0364058416069386,50.0,8.215202931900828
4,4,2024-01-01 06:58:00,22.550879686279647,88.3103331336917,36,44,6.971515921972502,6,4,4,0.9373294666859928,40.0,8.37751012200149
4,4,2024-01-01 06:59:00,22.55009041612415,88.31089678141839,28,44,6.971515921972502,6,4,4,0.9309813066776508,36.0,8.52315143310192
4,4,2024-01-01 07:00:00,22.551089348620582,88.31010639754838,31,48,3.555288772637191,7,4,4,0.948155834814677,39.5,4.995525483748093
4,4,2024-01-01 07:01:00,22.551090150912003,88.30997185582042,58,48,3.555288772637191,7,4,4,0.9606747239256779,53.0,4.642845063873808
4,4,2024-01-01 07:02:00,22.551358999202577,88.31051341705695,37,48,3.555288772637191,7,4,4,0.8976812398513434,42.5,4.822603464192029
4,4,2024-01-01 07:03:00,22.55189413445961,88.31034642592076,26,48,3.555288772637191,7,4,4,0.8910177933669128,37.0,5.0001824916105635
4,4,2024-01-01 07:04:00,22.551725729460987,88.31078573355397,32,48,3.555288772637191,7,4,4,0.8558341916749903,40.0,4.839040060149676
4,4,2024-01-01 07:05:00,22.55204043642533,88.3107302971623,28,48,3.555288772637191,7,4,4,0.8484038750770947,38.0,4.894873838548394
4,4,2024-01-01 07:06:00,22.55147191778368,88.31108592356291,41,48,3.555288772637191,7,4,4,0.8390094260336,44.5,4.6865374369521575
4,4,2024-01-01 07:07:00,22.55126138649137,88.31194753815754,53,48,3.555288772637191,7,4,4,0.7710401919662861,50.5,4.471376129428818
4,4,2024-01-01 07:08:00,22.551738581407637,88.31157879284507,55,48,3.555288772637191,7,4,4,0.7806166490093731,51.5,4.464745062745199
4,4,2024-01-01 07:09:00,22.552102969168885,88.31151510112767,40,48,3.555288772637191,7,4,4,0.7706488283058549,44.0,4.606173538508811
4,4,2024-01-01 07:10:00,22.55288339917416,88.3110899203206,20,48,3.555288772637191,7,4,4,0.7850342608513483,34.0,4.940643350610159
4,4,2024-01-01 07:11:00,22.55321713249526,88.31173653918025,54,48,3.555288772637191,7,4,4,0.7116552263067459,51.0,4.39253021535101
4,4,2024-01-01 07:12:00,22.553304743950992,88.31093627282252,29,48,3.555288772637191,7,4,4,0.7899751201679791,38.5,4.786418830041834
4,4,2024-01-01 07:13:00,22.5523341307283,88.31069446091986,29,48,3.555288772637191,7,4,4,0.841204030546191,38.5,4.866256092968917
4,4,2024-01-01 07:14:00,22.55301066144739,88.31111322685403,43,48,3.555288772637191,7,4,4,0.7792453032263458,45.5,4.582864996671933
4,4,2024-01-01 07:15:00,22.55283794679723,88.31109895602293,33,48,3.555288772637191,7,4,4,0.785433173203009,40.5,4.718893473678686
4,4,2024-01-01 07:16:00,22.552899822154053,88.31128921937274,57,48,3.555288772637191,7,4,4,0.7647802298890893,52.5,4.429323321081864
4,4,2024-01-01 07:17:00,22.553349535152684,88.31204451341205,43,48,3.555288772637191,7,4,4,0.6775489735069085,45.5,4.448759946492455
4,4,2024-01-01 07:18:00,22.5537046196876,88.31166824112788,45,48,3.555288772637191,7,4,4,0.7082611616095444,46.5,4.469174142455958
4,4,2024-01-01 07:19:00,22.553239124947183,88.31110785182553,47,48,3.555288772637191,7,4,4,0.7741597461220389,47.5,4.533174767738714
4,4,2024-01-01 07:20:00,22.554191152593745,88.31035895225506,47,48,3.555288772637191,7,4,4,0.8362157949635529,47.5,4.611561355749048
4,4,2024-01-01 07:21:00,22.55392661989536,88.30972243063648,49,48,3.555288772637191,7,4,4,0.9036759627146442,48.5,4.673238417232627
4,4,2024-01-01 07:22:00,22.55296172462209,88.30930904785805,26,48,3.555288772637191,7,4,4,0.9613075665067987,37.0,5.114165907513081
4,4,2024-01-01 07:23:00,22.553439777737665,88.30875557462906,52,48,3.555288772637191,7,4,4,1.008501769930812,50.0,4.765490896554166
4,4,2024-01-01 07:24:00,22.552442484989097,88.30835517568418,31,48,3.555288772637191,7,4,4,1.069393356671292,39.5,5.179683744796116
4,4,2024-01-01 07:25:00,22.55253924906149,88.30911368591387,55,48,3.555288772637191,7,4,4,0.9911567531957508,51.5,4.710034504515736
4,4,2024-01-01 07:26:00,22.55263317556423,88.30977321215444,28,48,3.555288772637191,7,4,4,0.9229166123692921,38.0,5.012525529009758
4,4,2024-01-01 07:27:00,22.55319392781137,88.30968920367245,42,48,3.555288772637191,7,4,4,0.9181025552278709,45.0,4.779425512941019
4,4,2024-01-01 07:28:00,22.5524985833827,88.31048811409754,41,48,3.555288772637191,7,4,4,0.8560432217997977,44.5,4.709504352591974
4,4,2024-01-01 07:29:00,22.551955054109687,88.30998132136749,48,48,3.555288772637191,7,4,4,0.9240423967865399,48.0,4.710341768620366
4,4,2024-01-01 07:30:00,22.55190185587268,88.30910075434542,47,48,3.555288772637191,7,4,4,1.0117202357427544,47.5,4.833251175680671
4,4,2024-01-01 07:31:00,22.552066273392214,88.3100811721326,45,48,3.555288772637191,7,4,4,0.9103476712107154,46.5,4.7299309290381135
4,4,2024-01-01 07:32:00,22.552127748102787,88.31038308680283,24,48,3.555288772637191,7,4,4,0.8787862944571646,36.0,5.019932596732465
4,4,2024-01-01 07:33:00,22.55305328480329,88.30953429688407,30,48,3.555288772637191,7,4,4,0.9366355601668698,39.0,4.996266557509299
4,4,2024-01-01 07:34:00,22.55250404733931,88.30892596305233,36,48,3.555288772637191,7,4,4,1.0108113282505087,42.0,4.999304955852203
4,4,2024-01-01 07:35:00,22.55319843621737,88.30855625713059,45,48,3.555288772637191,7,4,4,1.032698784739592,46.5,4.887803333591504
4,4,2024-01-01 07:36:00,22.552492361636556,88.30917850467046,38,48,3.555288772637191,7,4,4,0.9859631170882027,43.0,4.931051261597474
4,4,2024-01-01 07:37:00,22.55330520356438,88.30850626671801,59,48,3.555288772637191,7,4,4,1.0359604216831304,53.5,4.717113544618272
4,4,2024-01-01 07:38:00,22.552825013522867,88.308196651135,30,48,3.555288772637191,7,4,4,1.0763188777449748,39.0,5.211163969167922
4,4,2024-01-01 07:39:00,22.55240602253421,88.30813662767132,57,48,3.555288772637191,7,4,4,1.0921657599483259,52.5,4.803478212578135
4,4,2024-01-01 07:40:00,22.552821465234747,88.30726103412364,50,48,3.555288772637191,7,4,4,1.170847301135165,49.0,4.9889793454557605
4,4,2024-01-01 07:41:00,22.552816090127084,88.30672153596507,24,48,3.555288772637191,7,4,4,1.2255265214651778,36.0,5.597832975079154
4,4,2024-01-01 07:42:00,22.5537319583692,88.30678085541295,52,48,3.555288772637191,7,4,4,1.2064764625151843,50.0,5.003060527655412
4,4,2024-01-01 07:43:00,22.55344049389888,88.30767899780558,34,48,3.555288772637191,7,4,4,1.118123531069252,41.0,5.191567110787316
4,4,2024-01-01 07:44:00,22.553682311079317,88.30853631837961,24,48,3.555288772637191,7,4,4,1.0275783637554323,36.0,5.267919378896245
4,4,2024-01-01 07:45:00,22.553776030361263,88.30789693425045,37,48,3.555288772637191,7,4,4,1.0918832352700343,42.5,5.096770987136063
4,4,2024-01-01 07:46:00,22.552863830246547,88.3072284338101,50,48,3.555288772637191,7,4,4,1.1733270054091436,49.0,4.992015718036143
4,4,2024-01-01 07:47:00,22.552826496999614,88.30802378315545,48,48,3.555288772637191,7,4,4,1.0937192890394198,48.0,4.922437883936466
4,4,2024-01-01 07:48:00,22.552100495125725,88.30901374589409,52,48,3.555288772637191,7,4,4,1.013786728368705,50.0,4.771832846679637
4,4,2024-01-01 07:49:00,22.551884211718544,88.30933197342303,30,48,3.555288772637191,7,4,4,0.9897414847846752,39.0,5.077967979998229
4,4,2024-01-01 07:50:00,22.55215728901205,88.30932844542403,35,48,3.555288772637191,7,4,4,0.9810050072295178,41.5,4.973609265017217
4,4,2024-01-01 07:51:00,22.552202368445517,88.30876668038297,45,48,3.555288772637191,7,4,4,1.035091593618325,46.5,4.8908908289189
4,4,2024-01-01 07:52:00,22.552076360216844,88.30895380225373,56,48,3.555288772637191,7,4,4,1.0204497455781618,52.0,4.732730786765839
4,4,2024-01-01 07:53:00,22.55232104674608,88.30991615792725,57,48,3.555288772637191,7,4,4,0.917965182739232,52.5,4.604391838624885
4,4,2024-01-01 07:54:00,22.55297983,88.31038040314094,23,48,3.555288772637191,7,4,4,0.8532923330280605,35.5,4.99747299747335
4,4,2024-01-01 07:55:00,22.553376452314453,88.31017081499355,53,48,3.555288772637191,7,4,4,0.8658834384420656,50.5,4.5840611747465765
4,4,2024-01-01 07:56:00,22.554331068130438,88.31068543540782,35,48,3.555288772637191,7,4,4,0.8018760674436642,41.5,4.714627665326826
4,4,2024-01-01 07:57:00,22.555039511943114,88.31123161349122,32,48,3.555288772637191,7,4,4,0.7460215451528195,40.0,4.67432109036642
4,4,2024-01-01 07:58:00,22.554534192574756,88.31151284385831,55,48,3.555288772637191,7,4,4,0.7161789357356068,51.5,4.389671998736927
4,4,2024-01-01 07:59:00,22.55509689025598,88.31243317942777,58,48,3.555288772637191,7,4,4,0.6233080275023959,53.0,4.260920501885186
4,4,2024-01-01 08:00:00,22.55580730422602,88.31263930804012,41,33,5.938604104299275,8,4,4,0.6134894519178193,37.0,6.933451864166009
4,4,2024-01-01 08:01:00,22.55482538116418,88.31235336672806,56,33,5.938604104299275,8,4,4,0.6299370922893024,44.5,6.787957487161256
4,4,2024-01-01 08:02:00,22.554282734723387,88.3126220941058,47,33,5.938604104299275,8,4,4,0.6036548637046787,40.0,6.844086399856293
4,4,2024-01-01 08:03:00,22.554898893288097,88.3119778703539,43,33,5.938604104299275,8,4,4,0.6687429491303117,38.0,6.994514023978715
4,4,2024-01-01 08:04:00,22.55551544416721,88.31148551251022,27,33,5.938604104299275,8,4,4,0.7249278781671905,30.0,7.388459860633656
4,4,2024-01-01 08:05:00,22.5545737836945,88.31144729280342,46,33,5.938604104299275,8,4,4,0.7228295146931357,39.5,7.036572987377456
4,4,2024-01-01 08:06:00,22.553574669257376,88.31225005899671,32,33,5.938604104299275,8,4,4,0.6518166799633361,32.5,7.141957975000818
4,4,2024-01-01 08:07:00,22.554484363243454,88.31223940937589,46,33,5.938604104299275,8,4,4,0.6417420583275488,39.5,6.913402167581627
4,4,2024-01-01 08:08:00,22.555006379090443,88.3119828575087,44,33,5.938604104299275,8,4,4,0.6687907586649509,38.5,6.980875416504393
4,4,2024-01-01 08:09:00,22.554187822494917,88.31104809340538,39,33,5.938604104299275,8,4,4,0.7656311698305667,36.0,7.214656054016886
4,4,2024-01-01 08:10:00,22.55508967968392,88.31120233857746,54,33,5.938604104299275,8,4,4,0.7493489838496054,43.5,6.972188909609075
4,4,2024-01-01 08:11:00,22.55533375880866,88.31218722315622,33,33,5.938604104299275,8,4,4,0.6509480445556065,33.0,7.122146003491286
4,4,2024-01-01 08:12:00,22.555461906866327,88.31190438007927,48,33,5.938604104299275,8,4,4,0.6815059485587238,40.5,6.948242546608495
4,4,2024-01-01 08:13:00,22.55615645020177,88.31270885288619,23,33,5.938604104299275,8,4,4,0.6157617170141813,28.0,7.258093497901092
4,4,2024-01-01 08:14:00,22.556992928375124,88.31191246025209,45,33,5.938604104299275,8,4,4,0.7226683076527826,39.0,7.050401500688171
4,4,2024-01-01 08:15:00,22.557672560699416,88.31241600459816,29,33,5.938604104299275,8,4,4,0.707001557592172,31.0,7.306994215767995
4,4,2024-01-01 08:16:00,22.556744598336,88.31176644814238,24,33,5.938604104299275,8,4,4,0.7274751747813185,28.5,7.470130788049419
4,4,2024-01-01 08:17:00,22.557103698190268,88.31121622857601,53,33,5.938604104299275,8,4,4,0.793969600226881,43.0,7.046468662755387
4,4,2024-01-01 08:18:00,22.557266942776245,88.31108945695556,23,33,5.938604104299275,8,4,4,0.8124908854481973,28.0,7.679656001688269
4,4,2024-01-01 08:19:00,22.557300339546696,88.31160700946307,40,33,5.938604104299275,8,4,4,0.7644570665717489,36.5,7.195245857567903
4,4,2024-01-01 08:20:00,22.556587968247324,88.31146721521614,38,33,5.938604104299275,8,4,4,0.7515581027201914,35.5,7.208843151150303
4,4,2024-01-01 08:21:00,22.557279667348244,88.31126909874109,26,33,5.938604104299275,8,4,4,0.7957886724645711,29.5,7.557157336430606
4,4,2024-01-01 08:22:00,22.55784039835426,88.3112217702077,33,33,5.938604104299275,8,4,4,0.824962612936575,33.0,7.438536127820321
4,4,2024-01-01 08:23:00,22.55792940989236,88.31063069197981,34,33,5.938604104299275,8,4,4,0.8842336147869774,33.5,7.522306100932667
4,4,2024-01-01 08:24:00,22.557301681687864,88.31029382137794,27,33,5.938604104299275,8,4,4,0.8905989802103024,30.0,7.71980206471988
4,4,2024-01-01 08:25:00,22.55636730093612,88.3105659063155,58,33,5.938604104299275,8,4,4,0.8348393978512954,45.5,7.039491222344939
4,4,2024-01-01 08:26:00,22.555505316121344,88.31144747535652,46,33,5.938604104299275,8,4,4,0.7286569672521809,39.5,7.045424814049423
4,4,2024-01-01 08:27:00,22.555425320912505,88.31063758144758,56,33,5.938604104299275,8,4,4,0.8102483009111643,44.5,7.031073723505338
4,4,2024-01-01 08:28:00,22.556096972768326,88.31030196351381,46,33,5.938604104299275,8,4,4,0.8551854257645645,39.5,7.237619940903676
4,4,2024-01-01 08:29:00,22.55664478521187,88.31000716872566,53,33,5.938604104299275,8,4,4,0.8978652487305014,43.0,7.191439335086021
4,4,2024-01-01 08:30:00,22.55594797536147,88.31075893489269,23,33,5.938604104299275,8,4,4,0.8060371436325575,28.0,7.66582655494047
4,4,2024-01-01 08:31:00,22.55503878192441,88.31033899327998,42,33,5.938604104299275,8,4,4,0.8375574618086473,37.5,7.2786960431931105
4,4,2024-01-01 08:32:00,22.55482242985097,88.3104323943211,24,33,5.938604104299275,8,4,4,0.8271392605145651,28.5,7.679949915908885
4,4,2024-01-01 08:33:00,22.55393169869097,88.31137855064704,25,33,5.938604104299275,8,4,4,0.7344251425544274,29.0,7.4581043992394696
4,4,2024-01-01 08:34:00,22.553338855446068,88.31039873186042,26,33,5.938604104299275,8,4,4,0.8435374109570786,29.5,7.654273414720452
4,4,2024-01-01 08:35:00,22.552799688770303,88.30940167950459,39,33,5.938604104299275,8,4,4,0.9557456540285303,36.0,7.531513527680159
4,4,2024-01-01 08:36:00,22.553733379769906,88.30885026647115,23,33,5.938604104299275,8,4,4,0.9949186415105815,28.0,8.070572621821949
4,4,2024-01-01 08:37:00,22.55421717242382,88.30954711722933,55,33,5.938604104299275,8,4,4,0.919265358804138,44.0,7.192147775395826
4,4,2024-01-01 08:38:00,22.554436434447133,88.31033919882864,42,33,5.938604104299275,8,4,4,0.8369459446759523,37.5,7.277717615780798
4,4,2024-01-01 08:39:00,22.55486167711333,88.31097275776166,56,33,5.938604104299275,8,4,4,0.7717690880097448,44.5,6.979191638694436
4,4,2024-01-01 08:40:00,22.554112390064915,88.3106466872131,33,33,5.938604104299275,8,4,4,0.8073574486620039,33.0,7.406526738230191
4,4,2024-01-01 08:41:00,22.55508210687044,88.31115518373245,55,33,5.938604104299275,8,4,4,0.7541305305010461,44.0,6.966963918618883
4,4,2024-01-01 08:42:00,22.555167048877365,88.3104543866315,40,33,5.938604104299275,8,4,4,0.8265507717940256,36.5,7.297317701768906
4,4,2024-01-01 08:43:00,22.55432396051,88.31054338054972,35,33,5.938604104299275,8,4,4,0.8164847748348026,34.0,7.3794595893018675
4,4,2024-01-01 08:44:00,22.553365303247784,88.31008141984331,29,33,5.938604104299275,8,4,4,0.8751419142375004,31.0,7.632427164113792
4,4,2024-01-01 08:45:00,22.55290299673269,88.31033828793815,28,33,5.938604104299275,8,4,4,0.8594256046285451,30.5,7.629277424880019
4,4,2024-01-01 08:46:00,22.552433649007803,88.31054139569675,41,33,5.938604104299275,8,4,4,0.8528738073230065,37.0,7.321642710769015
4,4,2024-01-01 08:47:00,22.55169353175234,88.31066157909163,44,33,5.938604104299275,8,4,4,0.8689848760157933,38.5,7.292866248739472
4,4,2024-01-01 08:48:00,22.552110511147323,88.31000575755021,20,33,5.938604104299275,8,4,4,0.9161522152333953,26.5,8.01291100671451
4,4,2024-01-01 08:49:00,22.552976360872464,88.31066077018995,36,33,5.938604104299275,8,4,4,0.8253215243726947,34.5,7.373945885817005
4,4,2024-01-01 08:50:00,22.55233675238072,88.30985724017434,59,33,5.938604104299275,8,4,4,0.9232742716207444,46.0,7.142874893369811
4,4,2024-01-01 08:51:00,22.553178741422915,88.31024643102884,25,33,5.938604104299275,8,4,4,0.8621878967673853,29.0,7.722441132093865
4,4,2024-01-01 08:52:00,22.55387968465244,88.30993563919773,58,33,5.938604104299275,8,4,4,0.8823811318858925,45.5,7.102183618874078
4,4,2024-01-01 08:53:00,22.55449382646017,88.30932612040364,53,33,5.938604104299275,8,4,4,0.9407786813808363,43.0,7.251318543435326
4,4,2024-01-01 08:54:00,22.553920613156123,88.30965641279212,32,33,5.938604104299275,8,4,4,0.9104880584756359,32.5,7.6195051353312175
4,4,2024-01-01 08:55:00,22.553158361938475,88.31018585107508,22,33,5.938604104299275,8,4,4,0.8687293857748835,27.5,7.834013673262657
4,4,2024-01-01 08:56:00,22.552782329979127,88.31015085191555,20,33,5.938604104299275,8,4,4,0.881275377979211,26.5,7.933944582742772
4,4,2024-01-01 08:57:00,22.55335474128365,88.3106197397797,55,33,5.938604104299275,8,4,4,0.8208874933428275,44.0,7.057996140675858
4,4,2024-01-01 08:58:00,22.55238686501361,88.31118408230589,37,33,5.938604104299275,8,4,4,0.7916344747113443,35.0,7.295691775233008
4,4,2024-01-01 08:59:00,22.55140970098052,88.31159148186515,54,33,5.938604104299275,8,4,4,0.7954263639012336,43.5,7.0357439165768385
4,4,2024-01-01 09:00:00,22.55209625716239,88.31078651051644,33,41,5.035817286876226,9,4,4,0.840853800273953,37.0,6.3993639900231765
4,4,2024-01-01 09:01:00,22.552505999182475,88.31142076680047,43,41,5.035817286876226,9,4,4,0.7643783210219367,42.0,6.127786316907564
4,4,2024-01-01 09:02:00,22.55344006973299,88.31052410424378,52,41,5.035817286876226,9,4,4,0.8289331631311774,46.5,6.105408465110003
4,4,2024-01-01 09:03:00,22.553057738581003,88.31048863296628,20,41,5.035817286876226,9,4,4,0.8405633921580344,30.5,6.689384615711703
4,4,2024-01-01 09:04:00,22.552416249804818,88.3110886399298,59,41,5.035817286876226,9,4,4,0.799893328296099,50.0,5.995689280831544
4,4,2024-01-01 09:05:00,22.553321184038197,88.31054209469447,54,41,5.035817286876226,9,4,4,0.8294016032946414,47.5,6.083482469985246
4,4,2024-01-01 09:06:00,22.55393876400732,88.31089639951938,29,41,5.035817286876226,9,4,4,0.7835637859985001,35.0,6.379069491445083
4,4,2024-01-01 09:07:00,22.55357186333785,88.31152922108932,42,41,5.035817286876226,9,4,4,0.7247184848991701,41.5,6.083603048176231
4,4,2024-01-01 09:08:00,22.55271364648964,88.31115494741103,56,41,5.035817286876226,9,4,4,0.7836080877658238,48.5,6.005229354215389
4,4,2024-01-01 09:09:00,22.553415007010845,88.31211875880717,22,41,5.035817286876226,9,4,4,0.6685493466924209,31.5,6.309244613909408
4,4,2024-01-01 09:10:00,22.552910027157125,88.31144438890652,37,41,5.035817286876226,9,4,4,0.7490969822215734,39.0,6.188274182601724
4,4,2024-01-01 09:11:00,22.55300774448728,88.31101965436461,52,41,5.035817286876226,9,4,4,0.7886600274548979,46.5,6.053443128753513
4,4,2024-01-01 09:12:00,22.55239059984828,88.31084296528553,30,41,5.035817286876226,9,4,4,0.8247609879490513,35.5,6.429779520029552
4,4,2024-01-01 09:13:00,22.552058699779614,88.31130836338671,25,41,5.035817286876226,9,4,4,0.7921986651452341,33.0,6.476178496231197
4,4,2024-01-01 09:14:00,22.55226970931285,88.31080262649604,33,41,5.035817286876226,9,4,4,0.8329155992277498,37.0,6.386491231569874
4,4,2024-01-01 09:15:00,22.55184122596204,88.31066816025525,52,41,5.035817286876226,9,4,4,0.8622317448449744,46.5,6.148374376998773
4,4,2024-01-01 09:16:00,22.552196307853045,88.30981238244111,38,41,5.035817286876226,9,4,4,0.9321862850731397,39.5,6.451796454075931
4,4,2024-01-01 09:17:00,22.55194414994707,88.31070127960649,49,41,5.035817286876226,9,4,4,0.8549402403656045,45.0,6.175737607363699
4,4,2024-01-01 09:18:00,22.552513873592986,88.31116825309948,32,41,5.035817286876226,9,4,4,0.7887650516750314,36.5,6.3324173718214825
4,4,2024-01-01 09:19:00,22.551911857870905,88.31100492082768,42,41,5.035817286876226,9,4,4,0.827185152636764,41.5,6.231747628037812
5,0,2024-01-01 06:00:00,22.574744487648186,88.3110198346518,48,40,4.498095607205338,6,1,2,6.593155667459522,44.0,13.488762426468321
5,0,2024-01-01 06:01:00,22.57387949274155,88.31105723664056,27,40,4.498095607205338,6,1,2,6.496944460886121,33.5,16.134414044613315
5,0,2024-01-01 06:02:00,22.573085735466368,88.31115280602933,36,40,4.498095607205338,6,1,2,6.4082068075179395,38.0,14.616316882233663
5,0,2024-01-01 06:03:00,22.57289293747109,88.311628575999,47,40,4.498095607205338,6,1,2,6.3835158466050945,43.5,13.302945050798572
5,0,2024-01-01 06:04:00,22.57305730393128,88.3110374571469,45,40,4.498095607205338,6,1,2,6.405908895734139,42.5,13.541731695300593
5,0,2024-01-01 06:05:00,22.572205388367102,88.31124842248532,31,40,4.498095607205338,6,1,2,6.309866516284312,35.5,15.162658733319669
5,0,2024-01-01 06:06:00,22.57217146776222,88.31078548999746,53,40,4.498095607205338,6,1,2,6.309651196170236,46.5,12.639581021618545
5,0,2024-01-01 06:07:00,22.57248497988917,88.31172256466085,43,40,4.498095607205338,6,1,2,6.337632678417092,41.5,13.66093803383246
5,0,2024-01-01 06:08:00,22.57182920109482,88.31257360907655,58,40,4.498095607205338,6,1,2,6.2599123224884705,49.0,12.16329436943612
5,0,2024-01-01 06:09:00,22.57142378267543,88.31175774304872,39,40,4.498095607205338,6,1,2,6.219640316382094,39.5,13.94565051816548
5,0,2024-01-01 06:10:00,22.57167108023201,88.31205475268895,38,40,4.498095607205338,6,1,2,6.245231193410143,39.0,14.106143597067097
5,0,2024-01-01 06:11:00,22.571954344049665,88.31246233731093,49,40,4.498095607205338,6,1,2,6.274386851766528,44.5,12.95794304778942
5,0,2024-01-01 06:12:00,22.571456130141048,88.31281438988704,25,40,4.498095607205338,6,1,2,6.217293589085041,32.5,15.976176079362336
5,0,2024-01-01 06:13:00,22.57180024221855,88.31298150382169,52,40,4.498095607205338,6,1,2,6.254755610700372,46.0,12.656472490727563
5,0,2024-01-01 06:14:00,22.571299290952226,88.31198554085718,55,40,4.498095607205338,6,1,2,6.204382037415924,47.5,12.335209759730716
5,0,2024-01-01 06:15:00,22.572192758410072,88.31119735246598,23,40,4.498095607205338,6,1,2,6.308839326555972,31.5,16.514932419692904
5,0,2024-01-01 06:16:00,22.5724172747116,88.31062352248335,29,40,4.498095607205338,6,1,2,6.3382193825907756,34.5,15.521085837797992
5,0,2024-01-01 06:17:00,22.571822539979863,88.31079869422557,40,40,4.498095607205338,6,1,2,6.270865504611404,40.0,13.904393864122444
5,0,2024-01-01 06:18:00,22.57156964958196,88.3098996721144,53,40,4.498095607205338,6,1,2,6.250802140106837,46.5,12.56364675573029
5,0,2024-01-01 06:19:00,22.570600439365343,88.31006552422801,20,40,4.498095607205338,6,1,2,6.141913455920543,30.0,16.781922519046425
5,0,2024-01-01 06:20:00,22.570500947857628,88.31098068625818,28,40,4.498095607205338,6,1,2,6.122900863590193,34.0,15.303214778246856
5,0,2024-01-01 06:21:00,22.570952399678355,88.31121518429987,55,40,4.498095607205338,6,1,2,6.171146479527679,47.5,12.293228002398195
5,0,2024-01-01 06:22:00,22.571297320674404,88.31216919820875,51,40,4.498095607205338,6,1,2,6.203063603641836,45.5,12.677959699919848
5,0,2024-01-01 06:23:00,22.57129340146052,88.31265484815856,36,40,4.498095607205338,6,1,2,6.199995772126345,38.0,14.287562615825882
5,0,2024-01-01 06:24:00,22.57207351551145,88.31182345078778,54,40,4.498095607205338,6,1,2,6.291323873097469,47.0,12.529572892010618
5,0,2024-01-01 06:25:00,22.571941557456867,88.3113408740721,44,40,4.498095607205338,6,1,2,6.279935518479408,42.0,13.46943206217592
5,0,2024-01-01 06:26:00,22.57196701024539,88.31121764403217,48,40,4.498095607205338,6,1,2,6.283652510531776,44.0,13.066712667021395
5,0,2024-01-01 06:27:00,22.57214591822436,88.31144422740195,38,40,4.498095607205338,6,1,2,6.301876762459546,39.0,14.19329062637387
5,0,2024-01-01 06:28:00,22.57155396755584,88.31175221558662,39,40,4.498095607205338,6,1,2,6.234123067771978,39.5,13.967649634200747
5,0,2024-01-01 06:29:00,22.57065400470948,88.31257525817327,42,40,4.498095607205338,6,1,2,6.1293924697438955,41.0,13.46793824585494
5,0,2024-01-01 06:30:00,22.57008281767547,88.31211687082934,52,40,4.498095607205338,6,1,2,6.068554275155497,46.0,12.413601183495118
5,0,2024-01-01 06:31:00,22.569207870266958,88.31203475186254,53,40,4.498095607205338,6,1,2,5.971947556205378,46.5,12.203834389405825
5,0,2024-01-01 06:32:00,22.56863855902972,88.31222894340291,22,40,4.498095607205338,6,1,2,5.907561307509177,31.0,15.932085234642454
5,0,2024-01-01 06:33:00,22.56780085738679,88.31313192482327,35,40,4.498095607205338,6,1,2,5.809792641315927,37.5,13.793763833310821
5,0,2024-01-01 06:34:00,22.56857078600315,88.31289849330255,29,40,4.498095607205338,6,1,2,5.896403618242596,34.5,14.752710595453332
5,0,2024-01-01 06:35:00,22.56943620701941,88.31298700123479,55,40,4.498095607205338,6,1,2,5.992115302725243,47.5,12.06708335801617
5,0,2024-01-01 06:36:00,22.56966977423512,88.31347276422213,22,40,4.498095607205338,6,1,2,6.016043212377975,31.0,16.14205021180787
5,0,2024-01-01 06:37:00,22.56971267228345,88.31260968166079,46,40,4.498095607205338,6,1,2,6.024676719909174,43.0,12.904621262892558
5,0,2024-01-01 06:38:00,22.570554205500382,88.31277857948031,36,40,4.498095607205338,6,1,2,6.1172851731523,38.0,14.156966933235285
5,0,2024-01-01 06:39:00,22.57022141907844,88.3135089661751,44,40,4.498095607205338,6,1,2,6.0772107973887985,42.0,13.179825317760764
5,0,2024-01-01 06:40:00,22.571012111256746,88.31384189227016,52,40,4.498095607205338,6,1,2,6.163981697861257,46.0,12.538071734850455
5,0,2024-01-01 06:41:00,22.570834790189743,88.31458933811052,40,40,4.498095607205338,6,1,2,6.142497214538083,40.0,13.711841429012463
5,0,2024-01-01 06:42:00,22.57068999285715,88.31447442914015,57,40,4.498095607205338,6,1,2,6.12660997556128,48.5,12.077406917178056
5,0,2024-01-01 06:43:00,22.571257967574528,88.31431320836349,56,40,4.498095607205338,6,1,2,6.190085952510461,48.0,12.235703047843412
5,0,2024-01-01 06:44:00,22.57182816300272,88.31451089916365,41,40,4.498095607205338,6,1,2,6.253078579713255,40.5,13.761915725299048
5,0,2024-01-01 06:45:00,22.57143025515839,88.31451616164891,32,40,4.498095607205338,6,1,2,6.2088306634313515,36.0,14.846146712924257
5,0,2024-01-01 06:46:00,22.572284476416108,88.31372694808513,43,40,4.498095607205338,6,1,2,6.3057518700684545,41.5,13.614845298870573
5,0,2024-01-01 06:47:00,22.57210381852286,88.31403729551418,22,40,4.498095607205338,6,1,2,6.284778659189766,31.0,16.6621833346694
5,0,2024-01-01 06:48:00,22.57295187226371,88.31326105674728,20,40,4.498095607205338,6,1,2,6.3815501373160926,30.0,17.261195881837523
5,0,2024-01-01 06:49:00,22.572092856155,88.31263235015709,48,40,4.498095607205338,6,1,2,6.28889825315799,44.0,13.073865952420778
5,0,2024-01-01 06:50:00,22.572586409434063,88.31307348125438,40,40,4.498095607205338,6,1,2,6.341700285925511,40.0,14.010646036093604
5,0,2024-01-01 06:51:00,22.57247881187602,88.31368517031962,39,40,4.498095607205338,6,1,2,6.327482817535892,39.5,14.109461912323148
5,0,2024-01-01 06:52:00,22.572098425626667,88.3131850842124,20,40,4.498095607205338,6,1,2,6.287022337465734,30.0,17.072140282136807
5,0,2024-01-01 06:53:00,22.571608190124497,88.31367014587809,42,40,4.498095607205338,6,1,2,6.230770454067099,41.0,13.616296271693775
5,0,2024-01-01 06:54:00,22.572186775821137,88.31328573754145,43,40,4.498095607205338,6,1,2,6.296440231629746,41.5,13.601382689079669
5,0,2024-01-01 06:55:00,22.57280542461771,88.31385845300757,51,40,4.498095607205338,6,1,2,6.36325816335226,45.5,12.889205273164361
5,0,2024-01-01 06:56:00,22.57226899179829,88.3134956709331,58,40,4.498095607205338,6,1,2,6.304800096907543,49.0,12.218258991173759
5,0,2024-01-01 06:57:00,22.571424273350267,88.3141534134856,28,40,4.498095607205338,6,1,2,6.208944945748591,34.0,15.45505727617344
5,0,2024-01-01 06:58:00,22.570811999486143,88.31487104702794,58,40,4.498095607205338,6,1,2,6.1395427086614704,49.0,12.015903005566322
5,0,2024-01-01 06:59:00,22.571487816235845,88.31558857558663,42,40,4.498095607205338,6,1,2,6.214234454794815,41.0,13.592097248368482
5,0,2024-01-01 07:00:00,22.57131684836548,88.31461507765364,22,37,5.857229191501718,7,1,2,6.196048363187297,29.5,18.459361455611475
5,0,2024-01-01 07:01:00,22.57063757917772,88.3149623684886,28,37,5.857229191501718,7,1,2,6.120042051133974,32.5,17.15576836282598
5,0,2024-01-01 07:02:00,22.57108143763275,88.31473197572303,32,37,5.857229191501718,7,1,2,6.169690354877485,34.5,16.587125460853866
5,0,2024-01-01 07:03:00,22.57094065481701,88.31521322802082,42,37,5.857229191501718,7,1,2,6.153520617991366,39.5,15.204349117564552
5,0,2024-01-01 07:04:00,22.57137813405272,88.31567803011895,40,37,5.857229191501718,7,1,2,6.202043502174334,38.5,15.522751532552629
5,0,2024-01-01 07:05:00,22.57097170741676,88.31576076933926,37,37,5.857229191501718,7,1,2,6.156867961680564,37.0,15.841339399632362
5,0,2024-01-01 07:06:00,22.570009965349637,88.3150922656932,49,37,5.857229191501718,7,1,2,6.050129056451492,43.0,14.299269735387519
5,0,2024-01-01 07:07:00,22.56925295613181,88.31536154420617,33,37,5.857229191501718,7,1,2,5.9657792820145525,35.0,16.08427938924095
5,0,2024-01-01 07:08:00,22.56848978621016,88.31478533286705,55,37,5.857229191501718,7,1,2,5.881462943557213,46.0,13.52870259614156
5,0,2024-01-01 07:09:00,22.56798049083849,88.3139007971855,30,37,5.857229191501718,7,1,2,5.826849615611449,33.5,16.293377756775953
5,0,2024-01-01 07:10:00,22.56765183850457,88.3143995780911,38,37,5.857229191501718,7,1,2,5.789004764662862,37.5,15.119636814962297
5,0,2024-01-01 07:11:00,22.567884439476423,88.31451333497745,43,37,5.857229191501718,7,1,2,5.814627129586022,40.0,14.57916988588075
5,0,2024-01-01 07:12:00,22.56774232814328,88.31459514498512,52,37,5.857229191501718,7,1,2,5.798672456867923,44.5,13.675663964806782
5,0,2024-01-01 07:13:00,22.56756605762412,88.31510233424662,29,37,5.857229191501718,7,1,2,5.778380236683706,33.0,16.363375076381182
5,0,2024-01-01 07:14:00,22.56756628312827,88.31492625043668,48,37,5.857229191501718,7,1,2,5.778593379945557,42.5,14.015243374954268
5,0,2024-01-01 07:15:00,22.567829120970707,88.31499125856952,20,37,5.857229191501718,7,1,2,5.8077418928265185,28.5,18.08405422903123
5,0,2024-01-01 07:16:00,22.56822237551314,88.31498266606998,32,37,5.857229191501718,7,1,2,5.851476777932282,34.5,16.03371054442743
5,0,2024-01-01 07:17:00,22.568100566643643,88.31594353721052,48,37,5.857229191501718,7,1,2,5.837696339681505,42.5,14.098682847522667
5,0,2024-01-01 07:18:00,22.567513070871318,88.31572725595689,36,37,5.857229191501718,7,1,2,5.772277757993451,36.5,15.345904958066296
5,0,2024-01-01 07:19:00,22.566921703638112,88.3157428660848,22,37,5.857229191501718,7,1,2,5.706524806492263,29.5,17.463720323350387
5,0,2024-01-01 07:20:00,22.565957951720204,88.31632838231195,20,37,5.857229191501718,7,1,2,5.599841889741028,28.5,17.646370012009143
5,0,2024-01-01 07:21:00,22.566304444598916,88.3161446204256,44,37,5.857229191501718,7,1,2,5.638147728011675,40.5,14.210040640407902
5,0,2024-01-01 07:22:00,22.56656129751214,88.31652188368422,48,37,5.857229191501718,7,1,2,5.6672223125437196,42.5,13.85801363273991
5,0,2024-01-01 07:23:00,22.565581255065457,88.31696877100893,35,37,5.857229191501718,7,1,2,5.5592337319469065,36.0,15.122618744746562
5,0,2024-01-01 07:24:00,22.56551136556206,88.31771711237324,20,37,5.857229191501718,7,1,2,5.553943201536378,28.5,17.5497411947362
5,0,2024-01-01 07:25:00,22.56541395378812,88.31708399676606,26,37,5.857229191501718,7,1,2,5.540949641400785,31.5,16.41141898464607
5,0,2024-01-01 07:26:00,22.56522309110093,88.31705268561865,21,37,5.857229191501718,7,1,2,5.519646862350705,29.0,17.277188217054903
5,0,2024-01-01 07:27:00,22.564374490555544,88.31682833779848,30,37,5.857229191501718,7,1,2,5.424736952804731,33.5,15.57317597264452
5,0,2024-01-01 07:28:00,22.5634055072168,88.31639010172886,59,37,5.857229191501718,7,1,2,5.31614277799872,48.0,12.502407664000117
5,0,2024-01-01 07:29:00,22.562539454440845,88.31714480263513,21,37,5.857229191501718,7,1,2,5.2216344523092815,29.0,16.660610816969196
5,0,2024-01-01 07:30:00,22.561902901027302,88.31763096571439,31,37,5.857229191501718,7,1,2,5.152666246978767,34.0,14.9501696273466
5,0,2024-01-01 07:31:00,22.56103603048313,88.3179276017293,34,37,5.857229191501718,7,1,2,5.057703913920684,35.5,14.405461158691606
5,0,2024-01-01 07:32:00,22.560786968340064,88.31853523081968,37,37,5.857229191501718,7,1,2,5.033393067977577,37.0,14.019488220654546
5,0,2024-01-01 07:33:00,22.560250065212,88.31942032269903,34,37,5.857229191501718,7,1,2,4.9801377414815375,35.5,14.27436340245643
5,0,2024-01-01 07:34:00,22.56014283899252,88.3185603297233,48,37,5.857229191501718,7,1,2,4.962056972136635,42.5,12.862486093341673
5,0,2024-01-01 07:35:00,22.55988790554004,88.31769775707875,33,37,5.857229191501718,7,1,2,4.929096282720796,35.0,14.307108533308796
5,0,2024-01-01 07:36:00,22.55981638257952,88.31814323258322,23,37,5.857229191501718,7,1,2,4.923366587041492,30.0,15.703962365584703
5,0,2024-01-01 07:37:00,22.560233913889977,88.31715995994698,50,37,5.857229191501718,7,1,2,4.965444644510579,43.5,12.706118356343897
5,0,2024-01-01 07:38:00,22.560557282466775,88.31712793868334,21,37,5.857229191501718,7,1,2,5.001278679668935,29.0,16.204702321851236
5,0,2024-01-01 07:39:00,22.56082125982757,88.31631868188789,47,37,5.857229191501718,7,1,2,5.028709938197992,42.0,13.041100531784565
5,0,2024-01-01 07:40:00,22.55991857515489,88.31648071207464,34,37,5.857229191501718,7,1,2,4.9286245392299675,35.5,14.187298835270676
5,0,2024-01-01 07:41:00,22.560086002330355,88.31704463202895,28,37,5.857229191501718,7,1,2,4.948636819546818,32.5,14.993174089126613
5,0,2024-01-01 07:42:00,22.56044094916,88.31756163579078,58,37,5.857229191501718,7,1,2,4.989949695011672,47.5,12.160323543095409
5,0,2024-01-01 07:43:00,22.56078326410676,88.31780258336089,54,37,5.857229191501718,7,1,2,5.029035148231543,45.5,12.48892389246639
5,0,2024-01-01 07:44:00,22.560556504452027,88.31812755125478,48,37,5.857229191501718,7,1,2,5.005466506680576,42.5,12.92377014210959
5,0,2024-01-01 07:45:00,22.560338014756685,88.31744490900215,47,37,5.857229191501718,7,1,2,4.97804242734046,42.0,12.96871837341666
5,0,2024-01-01 07:46:00,22.560855445399014,88.31763921961412,35,37,5.857229191501718,7,1,2,5.036327446829583,36.0,14.251108269551024
5,0,2024-01-01 07:47:00,22.56163370124689,88.31779683312314,45,37,5.857229191501718,7,1,2,5.1234793717285445,41.0,13.355003881836174
5,0,2024-01-01 07:48:00,22.562150235831005,88.31741064214953,41,37,5.857229191501718,7,1,2,5.179284157316526,39.0,13.825358664296374
5,0,2024-01-01 07:49:00,22.56257579118344,88.31718306613516,32,37,5.857229191501718,7,1,2,5.225793874474976,34.5,14.945566364501676
5,0,2024-01-01 07:50:00,22.562203444799888,88.31666606739114,59,37,5.857229191501718,7,1,2,5.183017084526335,48.0,12.336000547159637
5,0,2024-01-01 07:51:00,22.562053146485624,88.31748174441891,21,37,5.857229191501718,7,1,2,5.168763256864421,29.0,16.551222136738453
5,0,2024-01-01 07:52:00,22.56142898724725,88.31663568775768,30,37,5.857229191501718,7,1,2,5.096854799038507,33.5,14.985924353958746
5,0,2024-01-01 07:53:00,22.560696288410075,88.31652340613452,21,37,5.857229191501718,7,1,2,5.015169020444806,29.0,16.233440957939248
5,0,2024-01-01 07:54:00,22.56101530994736,88.3171158890356,42,37,5.857229191501718,7,1,2,5.052145861860504,39.5,13.531374804454384
5,0,2024-01-01 07:55:00,22.561081812745915,88.3173894124697,57,37,5.857229191501718,7,1,2,5.060479726383207,47.0,12.317416076246237
5,0,2024-01-01 07:56:00,22.56135456130898,88.31703843607005,22,37,5.857229191501718,7,1,2,5.089613903737655,29.5,16.20898628384949
5,0,2024-01-01 07:57:00,22.560736414479123,88.31742771798784,51,37,5.857229191501718,7,1,2,5.022244288526813,44.0,12.705744130401918
5,0,2024-01-01 07:58:00,22.56104583262984,88.31807525277944,32,37,5.857229191501718,7,1,2,5.059532055525516,34.5,14.656415375024354
5,0,2024-01-01 07:59:00,22.561369770519423,88.31870513223652,29,37,5.857229191501718,7,1,2,5.0991445142827345,33.0,15.128401035652145
5,0,2024-01-01 08:00:00,22.5612928163746,88.31967174355016,23,43,4.210779940242304,8,1,2,5.0977874118053235,33.0,13.479484325342892
5,0,2024-01-01 08:01:00,22.560469586268567,88.32006964120714,43,43,4.210779940242304,8,1,2,5.01014197781888,43.0,11.201675723245394
5,0,2024-01-01 08:02:00,22.559770802475004,88.31950410298005,31,43,4.210779940242304,8,1,2,4.927706464921522,37.0,12.20165528876369
5,0,2024-01-01 08:03:00,22.559289955373558,88.31857145578779,56,43,4.210779940242304,8,1,2,4.867473943034858,49.5,10.110748356042132
5,0,2024-01-01 08:04:00,22.5600668835934,88.31922010957155,40,43,4.210779940242304,8,1,2,4.958247994880974,41.5,11.379331258142507
5,0,2024-01-01 08:05:00,22.559924853457083,88.31862223987565,25,43,4.210779940242304,8,1,2,4.938259528621914,34.0,12.925355578986858
5,0,2024-01-01 08:06:00,22.56039731122214,88.31849507907312,59,43,4.210779940242304,8,1,2,4.989896218787915,51.0,10.081246079992791
5,0,2024-01-01 08:07:00,22.561048142550387,88.31918482176863,32,43,4.210779940242304,8,1,2,5.0667935742192,37.5,12.317649658993023
5,0,2024-01-01 08:08:00,22.561673569790173,88.31959849748019,30,43,4.210779940242304,8,1,2,5.13937703350601,36.5,12.659070954224786
5,0,2024-01-01 08:09:00,22.560863405663817,88.32059628270426,57,43,4.210779940242304,8,1,2,5.058950209615342,50.0,10.281520191780714
5,0,2024-01-01 08:10:00,22.561466101647564,88.32094480038828,50,43,4.210779940242304,8,1,2,5.129332969087228,46.5,10.829274093903244
5,0,2024-01-01 08:11:00,22.56246135824237,88.32042779335879,22,43,4.210779940242304,8,1,2,5.234080846398093,32.5,13.87369842590032
5,0,2024-01-01 08:12:00,22.562069418787267,88.3200640022526,34,43,4.210779940242304,8,1,2,5.187260951087624,38.5,12.294822980898342
5,0,2024-01-01 08:13:00,22.561114270565596,88.31978485590687,54,43,4.210779940242304,8,1,2,5.078971218642914,48.5,10.494043303511887
5,0,2024-01-01 08:14:00,22.56014166766641,88.31894530039979,30,43,4.210779940242304,8,1,2,4.964506860004258,36.5,12.371613134769852
5,0,2024-01-01 08:15:00,22.5591731534924,88.31797959996362,54,43,4.210779940242304,8,1,2,4.851069189827299,48.5,10.212102649307003
5,0,2024-01-01 08:16:00,22.55942063966213,88.31850420521262,43,43,4.210779940242304,8,1,2,4.881549884566306,43.0,11.022244895451102
5,0,2024-01-01 08:17:00,22.55868592881733,88.31852747664841,51,43,4.210779940242304,8,1,2,4.800158251743476,47.0,10.338641538212698
5,0,2024-01-01 08:18:00,22.559562756305045,88.31835710688719,54,43,4.210779940242304,8,1,2,4.896426016789803,48.5,10.268214187817318
5,0,2024-01-01 08:19:00,22.559343943520208,88.31749576354797,29,43,4.210779940242304,8,1,2,4.867794907960645,36.0,12.323771453510046
5,0,2024-01-01 08:20:00,22.559857403854345,88.31738035115887,48,43,4.210779940242304,8,1,2,4.924389394901123,45.5,10.704480241210817
5,0,2024-01-01 08:21:00,22.559134274841004,88.31753803149495,29,43,4.210779940242304,8,1,2,4.844676036346564,36.0,12.28524000081991
5,0,2024-01-01 08:22:00,22.559871096416888,88.3172962868117,38,43,4.210779940242304,8,1,2,4.925597870121402,40.5,11.507961970051788
5,0,2024-01-01 08:23:00,22.559554906973094,88.31735164174414,53,43,4.210779940242304,8,1,2,4.890667272187079,48.0,10.324114030476153
5,0,2024-01-01 08:24:00,22.560546169192097,88.31831387755987,24,43,4.210779940242304,8,1,2,5.005348160236518,33.5,13.175582615292784
5,0,2024-01-01 08:25:00,22.561268259791103,88.31823621136238,23,43,4.210779940242304,8,1,2,5.085087248043374,33.0,13.456393118502984
5,0,2024-01-01 08:26:00,22.56145457622918,88.31734290735635,57,43,4.210779940242304,8,1,2,5.101732126066921,50.0,10.33285849152261
5,0,2024-01-01 08:27:00,22.56212024003292,88.31706777000159,30,43,4.210779940242304,8,1,2,5.174805087468964,36.5,12.71730885115019
5,0,2024-01-01 08:28:00,22.56134036660132,88.31791786435227,37,43,4.210779940242304,8,1,2,5.091460081373302,40.0,11.847970062302258
5,0,2024-01-01 08:29:00,22.560449148098368,88.31820637779957,24,43,4.210779940242304,8,1,2,4.99397262241982,33.5,13.155208517710637
5,0,2024-01-01 08:30:00,22.560746426011907,88.31775695422647,44,43,4.210779940242304,8,1,2,5.024734258170464,43.5,11.141447882546393
5,0,2024-01-01 08:31:00,22.561242014711425,88.31837747139987,38,43,4.210779940242304,8,1,2,5.082966753795617,40.5,11.74110105697655
5,0,2024-01-01 08:32:00,22.560600726732005,88.31878774969101,20,43,4.210779940242304,8,1,2,5.014348052903885,31.5,13.761919088630655
5,0,2024-01-01 08:33:00,22.5607601790462,88.31869357183155,41,43,4.210779940242304,8,1,2,5.031420479230998,42.0,11.398523482000872
5,0,2024-01-01 08:34:00,22.55988138886163,88.31906436251843,33,43,4.210779940242304,8,1,2,4.936501424802799,38.0,12.005255874141461
5,0,2024-01-01 08:35:00,22.56010078371193,88.31946364165768,52,43,4.210779940242304,8,1,2,4.963943905369246,47.5,10.4810248733403
5,0,2024-01-01 08:36:00,22.56001052859754,88.31983504274355,31,43,4.210779940242304,8,1,2,4.957141730841863,37.0,12.249388152418298
5,0,2024-01-01 08:37:00,22.560082398755245,88.31981203400886,57,43,4.210779940242304,8,1,2,4.964896061814294,50.0,10.168655214419456
5,0,2024-01-01 08:38:00,22.560845630035,88.31998103359993,49,43,4.210779940242304,8,1,2,5.050962727065458,46.0,10.798992192936378
5,0,2024-01-01 08:39:00,22.56113078525565,88.31913814926178,57,43,4.210779940242304,8,1,2,5.075613286390695,50.0,10.301515883911138
5,0,2024-01-01 08:40:00,22.561316465616667,88.31884799858354,30,43,4.210779940242304,8,1,2,5.09416881832873,36.5,12.584756079960764
5,0,2024-01-01 08:41:00,22.561721746028383,88.31798105379995,41,43,4.210779940242304,8,1,2,5.134126590689627,42.0,11.545246498370343
5,0,2024-01-01 08:42:00,22.560890876784576,88.31819474771103,45,43,4.210779940242304,8,1,2,5.0429573638660745,44.0,11.08753998187786
5,0,2024-01-01 08:43:00,22.56127223632687,88.31838830055095,35,43,4.210779940242304,8,1,2,5.086384454755549,39.0,12.035986793712379
5,0,2024-01-01 08:44:00,22.56199822998959,88.31916048742157,35,43,4.210779940242304,8,1,2,5.171987407223342,39.0,12.16768364366283
5,0,2024-01-01 08:45:00,22.562473082161134,88.31873352651942,46,43,4.210779940242304,8,1,2,5.22177142897777,44.5,11.25137063099885
5,0,2024-01-01 08:46:00,22.56346755796094,88.31779357853009,28,43,4.210779940242304,8,1,2,5.327190382779,35.5,13.21448199564343
5,0,2024-01-01 08:47:00,22.563712819028137,88.31874034376841,36,43,4.210779940242304,8,1,2,5.359410481585566,39.5,12.35165662113177
5,0,2024-01-01 08:48:00,22.56459436562752,88.31929216683403,27,43,4.210779940242304,8,1,2,5.460902320522001,35.0,13.572326775422878
5,0,2024-01-01 08:49:00,22.564289379792367,88.31916295412638,39,43,4.210779940242304,8,1,2,5.4261606782986,41.0,12.151502884093913
5,0,2024-01-01 08:50:00,22.56492332760691,88.31986804896887,31,43,4.210779940242304,8,1,2,5.501789946146621,37.0,13.132601474534123
5,0,2024-01-01 08:51:00,22.564535430533954,88.31997180324171,49,43,4.210779940242304,8,1,2,5.45966210716225,46.0,11.332078340888717
5,0,2024-01-01 08:52:00,22.563677500312043,88.31939338944481,53,43,4.210779940242304,8,1,2,5.359948149648971,48.0,10.910715127303517
5,0,2024-01-01 08:53:00,22.56362740224257,88.3185038344863,53,43,4.210779940242304,8,1,2,5.348520227352837,48.0,10.896430224433349
5,0,2024-01-01 08:54:00,22.56282935845621,88.31783881666448,43,43,4.210779940242304,8,1,2,5.256491458739452,43.0,11.545419184995028
5,0,2024-01-01 08:55:00,22.562889120978383,88.31880942432905,56,43,4.210779940242304,8,1,2,5.268427618385861,49.5,10.596752811013044
5,0,2024-01-01 08:56:00,22.562117984015607,88.31782683662317,59,43,4.210779940242304,8,1,2,5.177412653270853,51.0,10.30185364997272
5,0,2024-01-01 08:57:00,22.562714570410023,88.31747934445926,42,43,4.210779940242304,8,1,2,5.242250405785313,42.5,11.611604042527453
5,0,2024-01-01 08:58:00,22.56215398399081,88.31652038608871,27,43,4.210779940242304,8,1,2,5.1772235802854665,35.0,13.086020363588817
5,0,2024-01-01 08:59:00,22.561666910112844,88.31623102558567,29,43,4.210779940242304,8,1,2,5.122610096773954,36.0,12.748463434865561
5,0,2024-01-01 09:00:00,22.560792039797285,88.315652039465,32,47,6.4633082291801625,9,1,2,5.024921180368303,39.5,14.096099895562396
5,0,2024-01-01 09:01:00,22.56158851592519,88.31620564612928,41,47,6.4633082291801625,9,1,2,5.113861364518028,44.0,13.43675554443202
5,0,2024-01-01 09:02:00,22.56231783376891,88.31551549675156,57,47,6.4633082291801625,9,1,2,5.194585982677039,52.0,12.457061286115207
5,0,2024-01-01 09:03:00,22.561514999622958,88.31617412521982,42,47,6.4633082291801625,9,1,2,5.105648883513866,44.5,13.347329195715712
5,0,2024-01-01 09:04:00,22.561641816351923,88.31678173500079,30,47,6.4633082291801625,9,1,2,5.120848878620802,38.5,14.443851936121671
5,0,2024-01-01 09:05:00,22.561598808584435,88.31734284705456,24,47,6.4633082291801625,9,1,2,5.117759962339348,35.5,15.11304337679596
5,0,2024-01-01 09:06:00,22.561846805555493,88.31689012789029,43,47,6.4633082291801625,9,1,2,5.143911085034867,45.0,13.321856342559986
5,0,2024-01-01 09:07:00,22.561011350204048,88.31680929600472,42,47,6.4633082291801625,9,1,2,5.050833073423862,44.5,13.273420238290988
5,0,2024-01-01 09:08:00,22.5608027661312,88.31723966891428,50,47,6.4633082291801625,9,1,2,5.028933135138832,48.5,12.684668808733356
5,0,2024-01-01 09:09:00,22.56071962897946,88.31768968106688,53,47,6.4633082291801625,9,1,2,5.0214573509784115,50.0,12.489057050354257
5,0,2024-01-01 09:10:00,22.561054053653848,88.31824377963818,37,47,6.4633082291801625,9,1,2,5.061344228290595,42.0,13.693799983881012
5,0,2024-01-01 09:11:00,22.560452545562665,88.31733370252137,34,47,6.4633082291801625,9,1,2,4.990347770540632,40.5,13.856416037388506
5,0,2024-01-01 09:12:00,22.56057765596521,88.317864023179,58,47,6.4633082291801625,9,1,2,5.006484995752995,52.5,12.185005367183585
5,0,2024-01-01 09:13:00,22.56032059049046,88.31725435621344,59,47,6.4633082291801625,9,1,2,4.975399372519902,53.0,12.095835820712129
5,0,2024-01-01 09:14:00,22.560262325202903,88.31756646625739,37,47,6.4633082291801625,9,1,2,4.970124031130346,42.0,13.563485416509227
5,0,2024-01-01 09:15:00,22.56022868692953,88.31824292709955,31,47,6.4633082291801625,9,1,2,4.969697548896236,39.0,14.108996765943603
5,0,2024-01-01 09:16:00,22.55946271037925,88.31884236292679,26,47,6.4633082291801625,9,1,2,4.888462517941392,36.5,14.499137025796148
5,0,2024-01-01 09:17:00,22.55911917659061,88.31875034274918,35,47,6.4633082291801625,9,1,2,4.84971300670869,41.0,13.560449214607512
5,0,2024-01-01 09:18:00,22.55914687805976,88.31955693877794,44,47,6.4633082291801625,9,1,2,4.859013602640486,45.5,12.870798694200584
5,0,2024-01-01 09:19:00,22.55978259067107,88.31957723553884,36,47,6.4633082291801625,9,1,2,4.929629666711778,41.5,13.590483650932129
6,1,2024-01-01 06:00:00,22.573913471510537,88.35074935900347,33,28,7.3959660071720865,6,1,2,7.03422220708354,30.5,21.233780185041347
6,1,2024-01-01 06:01:00,22.574778117026995,88.35123256424238,58,28,7.3959660071720865,6,1,2,7.142398050461543,43.0,17.36210282176959
6,1,2024-01-01 06:02:00,22.57404142420458,88.35194197114257,57,28,7.3959660071720865,6,1,2,7.105426674756002,42.5,17.427156606827616
6,1,2024-01-01 06:03:00,22.57474994578257,88.351923501156,49,28,7.3959660071720865,6,1,2,7.173481573913048,38.5,18.57541781067294
6,1,2024-01-01 06:04:00,22.575556327340244,88.35213120312108,53,28,7.3959660071720865,6,1,2,7.262395372604882,40.5,18.155070262883022
6,1,2024-01-01 06:05:00,22.576496180390937,88.35227372406095,57,28,7.3959660071720865,6,1,2,7.361281241185327,42.5,17.78836305355137
6,1,2024-01-01 06:06:00,22.576245276877696,88.35286918858765,25,28,7.3959660071720865,6,1,2,7.365962003897211,26.5,24.073615827316715
6,1,2024-01-01 06:07:00,22.57703324728779,88.352544149239,22,28,7.3959660071720865,6,1,2,7.4270294463669115,25.0,25.220836678452677
6,1,2024-01-01 06:08:00,22.57717969367669,88.352219447843,50,28,7.3959660071720865,6,1,2,7.4256985510517675,39.0,18.820117624174806
6,1,2024-01-01 06:09:00,22.576230168368387,88.35172473990424,44,28,7.3959660071720865,6,1,2,7.308625773803434,36.0,19.57700896351114
6,1,2024-01-01 06:10:00,22.576978311915,88.35122407780972,40,28,7.3959660071720865,6,1,2,7.358456186948963,34.0,20.381476925317315
6,1,2024-01-01 06:11:00,22.577481664259043,88.35147103347076,41,28,7.3959660071720865,6,1,2,7.419821036760994,34.5,20.30000259284338
6,1,2024-01-01 06:12:00,22.57723472483462,88.35093514495016,39,28,7.3959660071720865,6,1,2,7.3702750342953385,33.5,20.59645860591001
6,1,2024-01-01 06:13:00,22.5771513720238,88.35063758372486,55,28,7.3959660071720865,6,1,2,7.348175715082621,41.5,18.019834510905994
6,1,2024-01-01 06:14:00,22.57673927022583,88.3501117531419,36,28,7.3959660071720865,6,1,2,7.282965521876937,32.0,21.051526360691344
6,1,2024-01-01 06:15:00,22.57581938846393,88.34969467496889,46,28,7.3959660071720865,6,1,2,7.172338268061171,37.0,19.02678482024426
6,1,2024-01-01 06:16:00,22.576668433401395,88.35026630025982,27,28,7.3959660071720865,6,1,2,7.283055754609328,27.5,23.286269471774254
6,1,2024-01-01 06:17:00,22.57660457150986,88.3501988990857,32,28,7.3959660071720865,6,1,2,7.273599818312735,30.0,21.943165643797556
6,1,2024-01-01 06:18:00,22.57700954819304,88.35042940639227,44,28,7.3959660071720865,6,1,2,7.324464214672183,36.0,19.603406364959056
6,1,2024-01-01 06:19:00,22.57703539252259,88.3508375729349,37,28,7.3959660071720865,6,1,2,7.345978443976525,32.5,20.957772365282594
6,1,2024-01-01 06:20:00,22.577574290310757,88.35063330434095,32,28,7.3959660071720865,6,1,2,7.3899699973850765,30.0,22.175906001942238
6,1,2024-01-01 06:21:00,22.577525665946776,88.35098210364457,49,28,7.3959660071720865,6,1,2,7.401293148527953,38.5,18.930448836046818
6,1,2024-01-01 06:22:00,22.576934562691704,88.3506629267568,49,28,7.3959660071720865,6,1,2,7.327851022029951,38.5,18.81599357397201
6,1,2024-01-01 06:23:00,22.57638804506052,88.35100299183242,59,28,7.3959660071720865,6,1,2,7.289731868292481,43.5,17.450768584127232
6,1,2024-01-01 06:24:00,22.576935150544248,88.35024979346282,29,28,7.3959660071720865,6,1,2,7.308788810179366,28.5,22.782889818076015
6,1,2024-01-01 06:25:00,22.57703747046808,88.35012615068932,49,28,7.3959660071720865,6,1,2,7.313283547484427,38.5,18.793291016238726
6,1,2024-01-01 06:26:00,22.577629485272936,88.35063361883017,20,28,7.3959660071720865,6,1,2,7.395469398771965,24.0,25.884639504101997
6,1,2024-01-01 06:27:00,22.57710444238644,88.34973284757685,35,28,7.3959660071720865,6,1,2,7.302025821872853,31.5,21.304586620263237
6,1,2024-01-01 06:28:00,22.57765120448201,88.350562779307,52,28,7.3959660071720865,6,1,2,7.394369531898439,40.0,18.487520305019743
6,1,2024-01-01 06:29:00,22.57721330398234,88.34990977140771,27,28,7.3959660071720865,6,1,2,7.320916408676147,27.5,23.368874535192774
6,1,2024-01-01 06:30:00,22.57743484544371,88.34930945395027,20,28,7.3959660071720865,6,1,2,7.316000565673205,24.0,25.685967421355095
6,1,2024-01-01 06:31:00,22.577571775240727,88.34961248531692,30,28,7.3959660071720865,6,1,2,7.343271270355591,29.0,22.5889410492871
6,1,2024-01-01 06:32:00,22.57704564189054,88.3499672715767,52,28,7.3959660071720865,6,1,2,7.306829387248216,40.0,18.35621008804441
6,1,2024-01-01 06:33:00,22.57771577378145,88.35082198193787,40,28,7.3959660071720865,6,1,2,7.412730764916316,34.0,20.477255592318528
6,1,2024-01-01 06:34:00,22.57684810415912,88.34986029290897,41,28,7.3959660071720865,6,1,2,7.282271092455034,34.5,20.06078529839823
6,1,2024-01-01 06:35:00,22.57739859226279,88.34932914410899,27,28,7.3959660071720865,6,1,2,7.313250303713142,27.5,23.352148488000758
6,1,2024-01-01 06:36:00,22.57698362511374,88.34899355525089,30,28,7.3959660071720865,6,1,2,7.256719307028277,29.0,22.40986802171335
6,1,2024-01-01 06:37:00,22.57731936092714,88.3498599654264,21,28,7.3959660071720865,6,1,2,7.329230936901329,24.5,25.34510299550187
6,1,2024-01-01 06:38:00,22.577513945767848,88.35016673242336,47,28,7.3959660071720865,6,1,2,7.362579365159641,37.5,19.17609299142751
6,1,2024-01-01 06:39:00,22.577105254851077,88.35040596427726,57,28,7.3959660071720865,6,1,2,7.332888011313202,42.5,17.748278493731902
6,1,2024-01-01 06:40:00,22.577874965086465,88.35088409822913,56,28,7.3959660071720865,6,1,2,7.431408558030907,42.0,18.01226394721624
6,1,2024-01-01 06:41:00,22.57870082709601,88.35056363871372,45,28,7.3959660071720865,6,1,2,7.498958371565548,36.5,19.72302086454011
6,1,2024-01-01 06:42:00,22.577721396087885,88.3509957386602,32,28,7.3959660071720865,6,1,2,7.42133523563667,30.0,22.23863647844543
6,1,2024-01-01 06:43:00,22.577966775169784,88.35197595635238,55,28,7.3959660071720865,6,1,2,7.491562317803822,41.5,18.227140442551107
6,1,2024-01-01 06:44:00,22.57725128564934,88.35160228275603,54,28,7.3959660071720865,6,1,2,7.403276013828968,41.0,18.230028466433993
6,1,2024-01-01 06:45:00,22.57677338270181,88.35128905616038,47,28,7.3959660071720865,6,1,2,7.341292308185651,37.5,19.142033700269128
6,1,2024-01-01 06:46:00,22.576855388499663,88.35225874764832,59,28,7.3959660071720865,6,1,2,7.395761799206882,43.5,17.59701676469882
6,1,2024-01-01 06:47:00,22.57660040636277,88.35311600877255,43,28,7.3959660071720865,6,1,2,7.412774480121051,35.5,19.924598931320343
6,1,2024-01-01 06:48:00,22.575785127418992,88.35244159075096,46,28,7.3959660071720865,6,1,2,7.29999127206185,37.0,19.23378969159671
6,1,2024-01-01 06:49:00,22.575331027408456,88.35212444129016,31,28,7.3959660071720865,6,1,2,7.240066625897033,29.5,22.121525246284698
6,1,2024-01-01 06:50:00,22.576157492769298,88.35150322812592,44,28,7.3959660071720865,6,1,2,7.290836497547463,36.0,19.547360169751194
6,1,2024-01-01 06:51:00,22.576099413274168,88.3518270553912,43,28,7.3959660071720865,6,1,2,7.3007328384993855,35.5,19.735232776466823
6,1,2024-01-01 06:52:00,22.576394446203853,88.35137313662986,45,28,7.3959660071720865,6,1,2,7.307931151109279,36.5,19.409003515844873
6,1,2024-01-01 06:53:00,22.57720316575384,88.35200795232447,38,28,7.3959660071720865,6,1,2,7.417855838361369,33.0,20.882976622374578
6,1,2024-01-01 06:54:00,22.5763143767972,88.35102170824891,46,28,7.3959660071720865,6,1,2,7.283345945519774,37.0,19.206797270177127
6,1,2024-01-01 06:55:00,22.57704430200743,88.35052062465749,31,28,7.3959660071720865,6,1,2,7.332132913308105,29.5,22.30877871220552
6,1,2024-01-01 06:56:00,22.57775656700546,88.35023416208074,53,28,7.3959660071720865,6,1,2,7.389828651183655,40.5,18.343860305221945
6,1,2024-01-01 06:57:00,22.578574917533565,88.34986191823377,31,28,7.3959660071720865,6,1,2,7.4548248011032445,29.5,22.5583215348397
6,1,2024-01-01 06:58:00,22.578455033626582,88.35032134204677,20,28,7.3959660071720865,6,1,2,7.46346052847168,24.0,26.054617328351284
6,1,2024-01-01 06:59:00,22.57813924886831,88.35018125728632,22,28,7.3959660071720865,6,1,2,7.425600920720706,25.0,25.21740821690178
6,1,2024-01-01 07:00:00,22.577485934974263,88.35015289214415,41,45,1.2287721406968566,7,1,2,7.359157616276104,43.0,11.497364163407699
6,1,2024-01-01 07:01:00,22.577850241297387,88.35105269148065,57,45,1.2287721406968566,7,1,2,7.436758332444497,51.0,9.977899590631557
6,1,2024-01-01 07:02:00,22.5777179291431,88.35038150253881,34,45,1.2287721406968566,7,1,2,7.392700185623266,39.5,12.458190144175234
6,1,2024-01-01 07:03:00,22.577428192438607,88.34947200091685,24,45,1.2287721406968566,7,1,2,7.3226070611408804,34.5,13.963740942680996
6,1,2024-01-01 07:04:00,22.57774551514849,88.35033511074546,42,45,1.2287721406968566,7,1,2,7.393328482889277,43.5,11.42646659985448
6,1,2024-01-01 07:05:00,22.578491553936544,88.35038139678686,47,45,1.2287721406968566,7,1,2,7.469821744211675,46.0,10.972017894016432
6,1,2024-01-01 07:06:00,22.578313268120223,88.35050255640486,22,45,1.2287721406968566,7,1,2,7.457532619100253,33.5,14.585546980876414
6,1,2024-01-01 07:07:00,22.57896637026861,88.35110451780567,27,45,1.2287721406968566,7,1,2,7.550054497468715,36.0,13.812196303144715
6,1,2024-01-01 07:08:00,22.578163844682376,88.35025584001347,24,45,1.2287721406968566,7,1,2,7.431431227467521,34.5,14.153000362379503
6,1,2024-01-01 07:09:00,22.577401262873398,88.3512169764676,56,45,1.2287721406968566,7,1,2,7.399937463958392,50.5,10.020777048370194
6,1,2024-01-01 07:10:00,22.576853813375028,88.352008372394,48,45,1.2287721406968566,7,1,2,7.38353188496386,46.5,10.755910056779255
6,1,2024-01-01 07:11:00,22.57733154672929,88.3510732592861,21,45,1.2287721406968566,7,1,2,7.386312002988671,33.0,14.658430327948984
6,1,2024-01-01 07:12:00,22.578058478189977,88.35051938340918,49,45,1.2287721406968566,7,1,2,7.432911506783381,47.0,10.717595340845854
6,1,2024-01-01 07:13:00,22.57740352594387,88.35065533200381,58,45,1.2287721406968566,7,1,2,7.374024818560966,51.5,9.819869016690214
6,1,2024-01-01 07:14:00,22.578370660356896,88.3501746736817,47,45,1.2287721406968566,7,1,2,7.448414186176526,46.0,10.944094992231456
6,1,2024-01-01 07:15:00,22.57893476189542,88.34965481516268,50,45,1.2287721406968566,7,1,2,7.481720597749721,47.5,10.67936657995966
6,1,2024-01-01 07:16:00,22.57803546094936,88.3487603456784,53,45,1.2287721406968566,7,1,2,7.352061928169015,49.0,10.231296950699733
6,1,2024-01-01 07:17:00,22.57808263391981,88.34819686542379,31,45,1.2287721406968566,7,1,2,7.332425278728167,38.0,12.806285738688699
6,1,2024-01-01 07:18:00,22.578310574532452,88.34770258166029,56,45,1.2287721406968566,7,1,2,7.334441196695759,50.5,9.94295970112746
6,1,2024-01-01 07:19:00,22.578800933523198,88.34685546138236,40,45,1.2287721406968566,7,1,2,7.349082075578777,42.5,11.6039468356316
6,1,2024-01-01 07:20:00,22.578502571741865,88.34658058097548,54,45,1.2287721406968566,7,1,2,7.307417391086909,49.5,10.086247766256745
6,1,2024-01-01 07:21:00,22.57815893070746,88.3459986997229,36,45,1.2287721406968566,7,1,2,7.2487388210337125,40.5,11.967644468154207
6,1,2024-01-01 07:22:00,22.57882811261265,88.34571536903624,36,45,1.2287721406968566,7,1,2,7.306008255945328,40.5,12.052488075430675
6,1,2024-01-01 07:23:00,22.578959488956933,88.34508071380472,25,45,1.2287721406968566,7,1,2,7.294709192684847,35.0,13.733987899585165
6,1,2024-01-01 07:24:00,22.57957630043472,88.34572796102621,27,45,1.2287721406968566,7,1,2,7.383356394373683,36.0,13.534366131319661
6,1,2024-01-01 07:25:00,22.580139311730203,88.3452794758351,46,45,1.2287721406968566,7,1,2,7.423990956786936,45.5,11.018650325470837
6,1,2024-01-01 07:26:00,22.57917282433919,88.3456378741375,54,45,1.2287721406968566,7,1,2,7.338356899333807,49.5,10.12375020049541
6,1,2024-01-01 07:27:00,22.57923596864456,88.34470319225906,42,45,1.2287721406968566,7,1,2,7.308749399597099,43.5,11.309805795313546
6,1,2024-01-01 07:28:00,22.57885957291847,88.34420273658395,24,45,1.2287721406968566,7,1,2,7.250908955885028,34.5,13.839048585714295
6,1,2024-01-01 07:29:00,22.57852379248509,88.34505894025497,37,45,1.2287721406968566,7,1,2,7.24900376763933,41.0,11.837070337242217
6,1,2024-01-01 07:30:00,22.577660693390214,88.34489427424661,33,45,1.2287721406968566,7,1,2,7.1538046147262415,39.0,12.234625394121844
6,1,2024-01-01 07:31:00,22.57788628506129,88.34577123856305,34,45,1.2287721406968566,7,1,2,7.211700782631321,39.5,12.183254342162154
6,1,2024-01-01 07:32:00,22.57703989115792,88.34548057097301,54,45,1.2287721406968566,7,1,2,7.113412617149932,49.5,9.851090464514956
6,1,2024-01-01 07:33:00,22.577402597184403,88.34636093735551,55,45,1.2287721406968566,7,1,2,7.186257356121588,50.0,9.852280968042761
6,1,2024-01-01 07:34:00,22.577041901294987,88.34623729078885,59,45,1.2287721406968566,7,1,2,7.144423941903141,52.0,9.472338227508173
6,1,2024-01-01 07:35:00,22.576552574042516,88.34544903942528,26,45,1.2287721406968566,7,1,2,7.062314848023638,35.5,13.16507892608892
6,1,2024-01-01 07:36:00,22.577052630866795,88.3455123614728,51,45,1.2287721406968566,7,1,2,7.115995494276186,48.0,10.123766508542088
6,1,2024-01-01 07:37:00,22.576608829896927,88.34494627396452,33,45,1.2287721406968566,7,1,2,7.0478872686889495,39.0,12.07167563098755
6,1,2024-01-01 07:38:00,22.57672148591144,88.34400458433657,23,45,1.2287721406968566,7,1,2,7.022572047649738,34.0,13.621546342431689
6,1,2024-01-01 07:39:00,22.575805316344876,88.34384295008837,35,45,1.2287721406968566,7,1,2,6.921956659566582,40.0,11.611707130046728
6,1,2024-01-01 07:40:00,22.57584186869777,88.34426317962105,47,45,1.2287721406968566,7,1,2,6.942153533617873,46.0,10.283755010633213
6,1,2024-01-01 07:41:00,22.57530462997052,88.34426803419538,22,45,1.2287721406968566,7,1,2,6.887215098142687,33.5,13.564082764235996
6,1,2024-01-01 07:42:00,22.57622086598836,88.34370892620387,50,45,1.2287721406968566,7,1,2,6.9595850679129025,47.5,10.01982696332368
6,1,2024-01-01 07:43:00,22.575321294851744,88.34363815254149,27,45,1.2287721406968566,7,1,2,6.86418121461708,36.0,12.669074165058655
6,1,2024-01-01 07:44:00,22.575592123565468,88.34389779385036,58,45,1.2287721406968566,7,1,2,6.902159407071257,51.5,9.270122906216766
6,1,2024-01-01 07:45:00,22.574774871775187,88.34352744550907,54,45,1.2287721406968566,7,1,2,6.80365208211209,49.5,9.475623149317572
6,1,2024-01-01 07:46:00,22.57533679950248,88.34332390109698,24,45,1.2287721406968566,7,1,2,6.853630401973537,34.5,13.148129361520398
6,1,2024-01-01 07:47:00,22.57598574253769,88.34261677361019,53,45,1.2287721406968566,7,1,2,6.894000660309534,49.0,9.670405602300368
6,1,2024-01-01 07:48:00,22.57500186074437,88.34350312325611,24,45,1.2287721406968566,7,1,2,6.82605686734696,34.5,13.100175388256787
6,1,2024-01-01 07:49:00,22.57553811710113,88.34350407788784,23,45,1.2287721406968566,7,1,2,6.881319898543244,34.0,13.372277844008462
6,1,2024-01-01 07:50:00,22.575037123260493,88.34359902086757,37,45,1.2287721406968566,7,1,2,6.8334184191327765,41.0,11.22889665650092
6,1,2024-01-01 07:51:00,22.574654059823477,88.34374510526881,28,45,1.2287721406968566,7,1,2,6.799774496968987,36.5,12.406483642563684
6,1,2024-01-01 07:52:00,22.575311036091264,88.34417079726053,22,45,1.2287721406968566,7,1,2,6.8840179347277815,33.5,13.558356501403331
6,1,2024-01-01 07:53:00,22.576242530510903,88.34396110785548,51,45,1.2287721406968566,7,1,2,6.971551703712137,48.0,9.943211770337028
6,1,2024-01-01 07:54:00,22.575934142707723,88.34430329416965,38,45,1.2287721406968566,7,1,2,6.953208960856438,41.5,11.281604373260382
6,1,2024-01-01 07:55:00,22.57581528976375,88.34356810339663,25,45,1.2287721406968566,7,1,2,6.912354684345728,35.0,13.078523028146675
6,1,2024-01-01 07:56:00,22.57638188572966,88.3430999602979,41,45,1.2287721406968566,7,1,2,6.953077933593534,43.0,10.930741350362252
6,1,2024-01-01 07:57:00,22.577377131374163,88.34248222447481,22,45,1.2287721406968566,7,1,2,7.033580738105905,33.5,13.826230179095493
6,1,2024-01-01 07:58:00,22.57775322248831,88.34172299963238,33,45,1.2287721406968566,7,1,2,7.045777889731572,39.0,12.068430432591583
6,1,2024-01-01 07:59:00,22.57711558904641,88.34196850643886,28,45,1.2287721406968566,7,1,2,6.987879521406716,36.5,12.715697381365432
6,1,2024-01-01 08:00:00,22.57673002188045,88.34206142352231,24,32,2.8154728210185658,8,1,2,6.951029676341635,28.0,17.710536413179213
6,1,2024-01-01 08:01:00,22.577282602835485,88.34132242605054,49,32,2.8154728210185658,8,1,2,6.982592867501465,40.5,13.160054846946661
6,1,2024-01-01 08:02:00,22.577877024980644,88.34177089114576,44,32,2.8154728210185658,8,1,2,7.0603957573135405,38.0,13.963466122039947
6,1,2024-01-01 08:03:00,22.57707751610809,88.34080407610702,49,32,2.8154728210185658,8,1,2,6.943267796846136,40.5,13.101795483012843
6,1,2024-01-01 08:04:00,22.576396765910957,88.34047532265298,33,32,2.8154728210185658,8,1,2,6.860659892857875,32.5,15.481306469371567
6,1,2024-01-01 08:05:00,22.575864391577134,88.33952273816027,29,32,2.8154728210185658,8,1,2,6.772784863510387,30.5,16.138984027924245
6,1,2024-01-01 08:06:00,22.57676089465272,88.33913194287182,40,32,2.8154728210185658,8,1,2,6.854654954570836,36.0,14.239897745303292
6,1,2024-01-01 08:07:00,22.57622384508025,88.3398687619197,36,32,2.8154728210185658,8,1,2,6.822080778386387,34.0,14.854438900523952
6,1,2024-01-01 08:08:00,22.57529570544462,88.34072259461236,31,32,2.8154728210185658,8,1,2,6.7538683220035045,31.5,15.679983910549051
6,1,2024-01-01 08:09:00,22.575135713592783,88.33974196837784,30,32,2.8154728210185658,8,1,2,6.703452943116497,31.0,15.789897872211785
6,1,2024-01-01 08:10:00,22.57419301844794,88.33990847316247,54,32,2.8154728210185658,8,1,2,6.610226240027055,43.0,12.039044318730735
6,1,2024-01-01 08:11:00,22.57475624940633,88.33953588618657,25,32,2.8154728210185658,8,1,2,6.656655699030249,28.5,16.829484818976983
6,1,2024-01-01 08:12:00,22.574484474956357,88.33966831621807,31,32,2.8154728210185658,8,1,2,6.632583881770816,31.5,15.448965929153452
6,1,2024-01-01 08:13:00,22.573608246359715,88.33973905210043,21,32,2.8154728210185658,8,1,2,6.543135349264624,26.5,17.630118894825262
6,1,2024-01-01 08:14:00,22.5731512303648,88.34054753868324,34,32,2.8154728210185658,8,1,2,6.523852281399845,33.0,14.677022423563741
6,1,2024-01-01 08:15:00,22.572337622603925,88.34036853027136,59,32,2.8154728210185658,8,1,2,6.4326831406694565,45.5,11.298131907615652
6,1,2024-01-01 08:16:00,22.571781186560308,88.3400036394311,36,32,2.8154728210185658,8,1,2,6.3615996897865035,34.0,14.041825214759456
6,1,2024-01-01 08:17:00,22.572415797184732,88.34086443627145,55,32,2.8154728210185658,8,1,2,6.458884544199894,43.5,11.72427908888049
6,1,2024-01-01 08:18:00,22.571802296015203,88.33996555464736,35,32,2.8154728210185658,8,1,2,6.362432451128345,33.5,14.210874226024558
6,1,2024-01-01 08:19:00,22.571376949448226,88.3395250465829,31,32,2.8154728210185658,8,1,2,6.302374330223127,31.5,14.819995354776903
6,1,2024-01-01 08:20:00,22.5718818861234,88.33862763428087,33,32,2.8154728210185658,8,1,2,6.32413974852218,32.5,14.490807741367206
6,1,2024-01-01 08:21:00,22.57233694458385,88.33859641665207,56,32,2.8154728210185658,8,1,2,6.370888373559356,44.0,11.50304787587223
6,1,2024-01-01 08:22:00,22.571769445640214,88.33801359338754,38,32,2.8154728210185658,8,1,2,6.291804537094196,35.0,13.601423456037189
6,1,2024-01-01 08:23:00,22.5722897674998,88.33732139319693,56,32,2.8154728210185658,8,1,2,6.324352943540459,44.0,11.43959047130101
6,1,2024-01-01 08:24:00,22.5727575782538,88.33701451071656,39,32,2.8154728210185658,8,1,2,6.3642901881725145,35.5,13.572019617929858
6,1,2024-01-01 08:25:00,22.572574489416617,88.33737390515023,21,32,2.8154728210185658,8,1,2,6.356134474616016,26.5,17.206720688073695
6,1,2024-01-01 08:26:00,22.57322920252627,88.3375435824136,24,32,2.8154728210185658,8,1,2,6.430767232748512,28.0,16.595688319765376
6,1,2024-01-01 08:27:00,22.573623529910545,88.33693045309951,38,32,2.8154728210185658,8,1,2,6.453608467617429,35.0,13.878801622648446
6,1,2024-01-01 08:28:00,22.57331316512604,88.33660507500781,48,32,2.8154728210185658,8,1,2,6.410794469475291,40.0,12.4316645252315
6,1,2024-01-01 08:29:00,22.57255738815789,88.33582734930248,55,32,2.8154728210185658,8,1,2,6.307278627064184,43.5,11.51516747903813
6,1,2024-01-01 08:30:00,22.572038451328247,88.33617211698906,57,32,2.8154728210185658,8,1,2,6.262248694479601,44.5,11.25895420683376
6,1,2024-01-01 08:31:00,22.57238463559007,88.33682081788356,39,32,2.8154728210185658,8,1,2,6.318758467938441,35.5,13.49506459781593
6,1,2024-01-01 08:32:00,22.571475224877297,88.33713358960233,37,32,2.8154728210185658,8,1,2,6.232253973579304,34.5,13.654175383765182
6,1,2024-01-01 08:33:00,22.57119617388758,88.33747613125279,30,32,2.8154728210185658,8,1,2,6.213794071846091,31.0,14.842171024591643
6,1,2024-01-01 08:34:00,22.5721756867144,88.33653617391708,48,32,2.8154728210185658,8,1,2,6.2878523206672075,40.0,12.247251302019379
6,1,2024-01-01 08:35:00,22.57148808973026,88.337513015905,28,32,2.8154728210185658,8,1,2,6.245788440461388,30.0,15.307049701941342
6,1,2024-01-01 08:36:00,22.570826213287138,88.33721662591782,38,32,2.8154728210185658,8,1,2,6.1663523283236055,35.0,13.386362526716173
6,1,2024-01-01 08:37:00,22.57098182738764,88.33794882900857,54,32,2.8154728210185658,8,1,2,6.206767960470302,43.0,11.476079277488754
6,1,2024-01-01 08:38:00,22.571952176497824,88.3384848398792,38,32,2.8154728210185658,8,1,2,6.326709368165213,35.0,13.661260309301788
6,1,2024-01-01 08:39:00,22.57180714940601,88.3381454092142,29,32,2.8154728210185658,8,1,2,6.3001322770675054,30.5,15.209175661151363
6,1,2024-01-01 08:40:00,22.57180857125768,88.33843513165984,36,32,2.8154728210185658,8,1,2,6.309950113916659,34.0,13.950678904400906
6,1,2024-01-01 08:41:00,22.572677437335187,88.33881330696734,58,32,2.8154728210185658,8,1,2,6.41395223772663,45.0,11.367409137987405
6,1,2024-01-01 08:42:00,22.571935786225676,88.33801239999296,20,32,2.8154728210185658,8,1,2,6.309284385286351,26.0,17.375359863987068
6,1,2024-01-01 08:43:00,22.570968187020352,88.33864916084252,26,32,2.8154728210185658,8,1,2,6.229044819242608,29.0,15.703151757382582
6,1,2024-01-01 08:44:00,22.570910087137896,88.33863362547288,50,32,2.8154728210185658,8,1,2,6.2224232888327,41.0,11.921458121749346
6,1,2024-01-01 08:45:00,22.57049822206225,88.33805426258546,51,32,2.8154728210185658,8,1,2,6.159478768496933,41.5,11.72074332968883
6,1,2024-01-01 08:46:00,22.57000427474409,88.3387853873518,26,32,2.8154728210185658,8,1,2,6.132932379113843,29.0,15.504298432978242
6,1,2024-01-01 08:47:00,22.569256185136847,88.339743690462,38,32,2.8154728210185658,8,1,2,6.089672073665242,35.0,13.254910661587552
6,1,2024-01-01 08:48:00,22.569949959585703,88.33939234921671,30,32,2.8154728210185658,8,1,2,6.148897290549854,31.0,14.716564351115057
6,1,2024-01-01 08:49:00,22.570138443240324,88.33959864945696,46,32,2.8154728210185658,8,1,2,6.175978867238971,39.0,12.316978770616984
6,1,2024-01-01 08:50:00,22.56914925308767,88.33860134199887,35,32,2.8154728210185658,8,1,2,6.037153064699294,33.5,13.628284280181479
6,1,2024-01-01 08:51:00,22.56870109847643,88.3391385046607,39,32,2.8154728210185658,8,1,2,6.009784116576159,35.5,12.9728544264994
6,1,2024-01-01 08:52:00,22.56908580708874,88.338605170306,29,32,2.8154728210185658,8,1,2,6.030666779220931,30.5,14.67907959981384
6,1,2024-01-01 08:53:00,22.5694080884456,88.33890964101226,32,32,2.8154728210185658,8,1,2,6.075114855807618,32.0,14.20631317565785
6,1,2024-01-01 08:54:00,22.569708938943247,88.33833430896084,56,32,2.8154728210185658,8,1,2,6.0863037788059815,44.0,11.114977973935815
6,1,2024-01-01 08:55:00,22.570111705514368,88.33756119059505,39,32,2.8154728210185658,8,1,2,6.102337978850639,35.5,13.129283489498519
6,1,2024-01-01 08:56:00,22.56979434280627,88.3375182473349,35,32,2.8154728210185658,8,1,2,6.067524557912159,33.5,13.682680984443326
6,1,2024-01-01 08:57:00,22.56961709194909,88.33677102017971,21,32,2.8154728210185658,8,1,2,6.024336931261649,26.5,16.455480967271356
6,1,2024-01-01 08:58:00,22.568644456778618,88.33593421761972,45,32,2.8154728210185658,8,1,2,5.894854982933812,38.5,12.002259807408922
6,1,2024-01-01 08:59:00,22.569328488101636,88.33589964456587,53,32,2.8154728210185658,8,1,2,5.966224766042221,42.5,11.238378373078174
6,1,2024-01-01 09:00:00,22.56918128481524,88.33599593497132,21,26,5.278332008639006,9,1,2,5.953628637607807,23.5,20.47908597699936
6,1,2024-01-01 09:01:00,22.56916648282568,88.33626275845181,43,26,5.278332008639006,9,1,2,5.9604657271813695,34.5,15.644359360258779
6,1,2024-01-01 09:02:00,22.568962251176792,88.33687471625355,33,26,5.278332008639006,9,1,2,5.958647974227937,29.5,17.39761602401786
6,1,2024-01-01 09:03:00,22.56911601357941,88.33700255538706,56,26,5.278332008639006,9,1,2,5.979047395035351,41.0,14.0281574647883
6,1,2024-01-01 09:04:00,22.56884152078021,88.33709594804365,43,26,5.278332008639006,9,1,2,5.953240739330009,34.5,15.631794163995544
6,1,2024-01-01 09:05:00,22.569043344791528,88.33677786518652,56,26,5.278332008639006,9,1,2,5.9640279413656065,41.0,14.00617777649111
6,1,2024-01-01 09:06:00,22.56834471976553,88.33748105382513,31,26,5.278332008639006,9,1,2,5.914026267252067,28.5,17.728913623906514
6,1,2024-01-01 09:07:00,22.568798397427628,88.33805059318878,55,26,5.278332008639006,9,1,2,5.981168183456848,40.5,14.139321910056559
6,1,2024-01-01 09:08:00,22.56900935992868,88.33766636595281,55,26,5.278332008639006,9,1,2,5.990056753761822,40.5,14.152490162360223
6,1,2024-01-01 09:09:00,22.569238331483703,88.33782875680025,55,26,5.278332008639006,9,1,2,6.019608712279034,40.5,14.196270841644981
6,1,2024-01-01 09:10:00,22.56824055567209,88.33737266591905,42,26,5.278332008639006,9,1,2,5.899406432307065,34.0,15.689049242122064
6,1,2024-01-01 09:11:00,22.568564224842323,88.33764008911858,24,26,5.278332008639006,9,1,2,5.942479042170464,25.0,19.54028170984812
6,1,2024-01-01 09:12:00,22.56844895790853,88.3367250289371,33,26,5.278332008639006,9,1,2,5.899654390014669,29.5,17.27762907307562
6,1,2024-01-01 09:13:00,22.568096018733492,88.33705514091511,31,26,5.278332008639006,9,1,2,5.87349376038138,28.5,17.643582030494542
6,1,2024-01-01 09:14:00,22.56735075768039,88.33630768318933,33,26,5.278332008639006,9,1,2,5.7702482152326775,29.5,17.01443007351903
6,1,2024-01-01 09:15:00,22.56653959547571,88.33697071985556,34,26,5.278332008639006,9,1,2,5.707327640711286,30.0,16.692987290061577
6,1,2024-01-01 09:16:00,22.56617611955848,88.33775925009208,53,26,5.278332008639006,9,1,2,5.6971072068410455,39.5,13.932165740549454
6,1,2024-01-01 09:17:00,22.566633997958693,88.3383188918601,42,26,5.278332008639006,9,1,2,5.765030236022222,34.0,15.451914778089986
6,1,2024-01-01 09:18:00,22.56741639810482,88.33734615990791,34,26,5.278332008639006,9,1,2,5.8121068546903185,30.0,16.902545718019642
6,1,2024-01-01 09:19:00,22.567129590456798,88.33685512257115,54,26,5.278332008639006,9,1,2,5.765250045243918,40.0,13.926207076504884
7,2,2024-01-01 06:00:00,22.50207855575625,88.35467715351774,59,29,4.038536542632651,6,3,4,8.173602107217093,44.0,15.184357597928688
7,2,2024-01-01 06:01:00,22.50210747841173,88.35384726628872,24,29,4.038536542632651,6,3,4,8.117767810268674,26.5,22.418388188523988
7,2,2024-01-01 06:02:00,22.50187556368851,88.35417980201169,44,29,4.038536542632651,6,3,4,8.159220596671616,36.5,17.450953961818872
7,2,2024-01-01 06:03:00,22.501653016384264,88.35366040025859,24,29,4.038536542632651,6,3,4,8.145505855212468,26.5,22.48119130915145
7,2,2024-01-01 06:04:00,22.50128285327344,88.35285368992717,20,29,4.038536542632651,6,3,4,8.12716415794004,24.5,23.94179570493479
7,2,2024-01-01 06:05:00,22.501942299006085,88.35380727867283,30,29,4.038536542632651,6,3,4,8.12960037132842,29.5,20.573316958893848
7,2,2024-01-01 06:06:00,22.502006042539094,88.3545545157303,30,29,4.038536542632651,6,3,4,8.171967814279228,29.5,20.659488029302267
7,2,2024-01-01 06:07:00,22.502788678951813,88.35448214422975,54,29,4.038536542632651,6,3,4,8.099668233707636,41.5,15.748900254017187
7,2,2024-01-01 06:08:00,22.502594086393803,88.3548271587551,20,29,4.038536542632651,6,3,4,8.13884532771145,24.5,23.97040265131376
7,2,2024-01-01 06:09:00,22.502778689135926,88.35521646630072,25,29,4.038536542632651,6,3,4,8.148396489533516,27.0,22.146084297151575
7,2,2024-01-01 06:10:00,22.503043481648856,88.3544731180251,52,29,4.038536542632651,6,3,4,8.077139702698927,40.5,16.00466943551995
7,2,2024-01-01 06:11:00,22.50228260564436,88.35461840373132,46,29,4.038536542632651,6,3,4,8.152167351413732,37.5,17.082004304894625
7,2,2024-01-01 06:12:00,22.50278954986568,88.35536412257446,39,29,4.038536542632651,6,3,4,8.157142337803855,34.0,18.433493609345337
7,2,2024-01-01 06:13:00,22.503250048244738,88.35560246804519,38,29,4.038536542632651,6,3,4,8.133529295577755,33.5,18.606051698891317
7,2,2024-01-01 06:14:00,22.503597451711823,88.35613746570637,32,29,4.038536542632651,6,3,4,8.139588135853256,30.5,20.050841072180038
7,2,2024-01-01 06:15:00,22.503483519124497,88.35637167759522,47,29,4.038536542632651,6,3,4,8.164855703180857,38.0,16.93041396870769
7,2,2024-01-01 06:16:00,22.50294860178774,88.3558237439888,41,29,4.038536542632651,6,3,4,8.173816052208268,35.0,18.05079263213254
7,2,2024-01-01 06:17:00,22.503875561682687,88.35503983310754,27,29,4.038536542632651,6,3,4,8.04309615820316,28.0,21.27374259592514
7,2,2024-01-01 06:18:00,22.503471712983732,88.35459552343396,45,29,4.038536542632651,6,3,4,8.048359880260554,37.0,17.08993094305517
7,2,2024-01-01 06:19:00,22.5026437772978,88.35370957726197,28,29,4.038536542632651,6,3,4,8.062330639116038,28.5,21.011864203929573
7,2,2024-01-01 06:20:00,22.50359472335443,88.3536579058545,58,29,4.038536542632651,6,3,4,7.976703252049677,43.5,15.040885855804621
7,2,2024-01-01 06:21:00,22.502690907975254,88.35324923593305,33,29,4.038536542632651,6,3,4,8.02875728640477,31.0,19.57806677438382
7,2,2024-01-01 06:22:00,22.501774065894946,88.35324549582015,30,29,4.038536542632651,6,3,4,8.108624726258629,29.5,20.53065462993834
7,2,2024-01-01 06:23:00,22.50127868974909,88.35286103763073,25,29,4.038536542632651,6,3,4,8.127991108901853,27.0,22.10073900685899
7,2,2024-01-01 06:24:00,22.502074560335974,88.35348088647133,47,29,4.038536542632651,6,3,4,8.097269505679215,38.0,16.823698920020885
7,2,2024-01-01 06:25:00,22.50235649139217,88.35341324965358,26,29,4.038536542632651,6,3,4,8.068364811887003,27.5,21.64224158674975
7,2,2024-01-01 06:26:00,22.50275735499048,88.35395414409574,44,29,4.038536542632651,6,3,4,8.068218329132042,36.5,17.301361193260668
7,2,2024-01-01 06:27:00,22.50247459815439,88.3547768224759,31,29,4.038536542632651,6,3,4,8.145865050108803,30.0,20.33026664285026
7,2,2024-01-01 06:28:00,22.50332281358621,88.35572718242786,43,29,4.038536542632651,6,3,4,8.13559105867114,36.0,17.597854973751218
7,2,2024-01-01 06:29:00,22.503114688038604,88.3562396900107,23,29,4.038536542632651,6,3,4,8.187265765768522,26.0,22.93222677132924
7,2,2024-01-01 06:30:00,22.50285473708689,88.3563406335649,30,29,4.038536542632651,6,3,4,8.21602046561765,29.5,20.749086642193973
7,2,2024-01-01 06:31:00,22.50249070218957,88.35650009589716,42,29,4.038536542632651,6,3,4,8.257511167281192,35.5,17.994893445079736
7,2,2024-01-01 06:32:00,22.50312224099884,88.3564335520847,45,29,4.038536542632651,6,3,4,8.199527879111761,37.0,17.335068238489562
7,2,2024-01-01 06:33:00,22.50313410430748,88.35575739809796,52,29,4.038536542632651,6,3,4,8.15363960256316,40.5,16.118002620504
7,2,2024-01-01 06:34:00,22.503132710199505,88.35497007269267,49,29,4.038536542632651,6,3,4,8.101931778626732,39.0,16.503046971289162
7,2,2024-01-01 06:35:00,22.50401480671958,88.35571538283702,49,29,4.038536542632651,6,3,4,8.07613941053912,39.0,16.463366405000528
7,2,2024-01-01 06:36:00,22.503844458030624,88.35548993165987,44,29,4.038536542632651,6,3,4,8.075560890673486,36.5,17.313431157438384
7,2,2024-01-01 06:37:00,22.503755224301585,88.35531985253203,57,29,4.038536542632651,6,3,4,8.071858574985779,43.0,15.301595019356995
7,2,2024-01-01 06:38:00,22.504052755073904,88.35622898438974,26,29,4.038536542632651,6,3,4,8.10730409059556,27.5,21.727200013022966
7,2,2024-01-01 06:39:00,22.504007587452865,88.35643259785763,29,29,4.038536542632651,6,3,4,8.124782140179331,29.0,20.8484306257623
7,2,2024-01-01 06:40:00,22.50474392604352,88.35602732092025,57,29,4.038536542632651,6,3,4,8.035660378708402,43.0,15.25108590827228
7,2,2024-01-01 06:41:00,22.50382009864472,88.35626725805,53,29,4.038536542632651,6,3,4,8.129469868347874,41.0,15.935321715824664
7,2,2024-01-01 06:42:00,22.50324993170749,88.35535118619688,45,29,4.038536542632651,6,3,4,8.116956178122395,37.0,17.20116818283113
7,2,2024-01-01 06:43:00,22.50244712016797,88.35458414189623,28,29,4.038536542632651,6,3,4,8.135742375759913,28.5,21.166415228442993
7,2,2024-01-01 06:44:00,22.503053143931027,88.3546646996826,43,29,4.038536542632651,6,3,4,8.088791393442806,36.0,17.519855531703996
7,2,2024-01-01 06:45:00,22.503238685812768,88.35396142035718,46,29,4.038536542632651,6,3,4,8.027090501030944,37.5,16.88188134428216
7,2,2024-01-01 06:46:00,22.502831337416566,88.35324835927122,47,29,4.038536542632651,6,3,4,8.016475794657985,38.0,16.696129902618946
7,2,2024-01-01 06:47:00,22.50302269706489,88.35240959008156,50,29,4.038536542632651,6,3,4,7.94636388098299,39.5,16.108962690961246
7,2,2024-01-01 06:48:00,22.50296252780896,88.35241457183521,45,29,4.038536542632651,6,3,4,7.951944586699753,37.0,16.93358181836198
7,2,2024-01-01 06:49:00,22.502122901322583,88.35236824959068,49,29,4.038536542632651,6,3,4,8.022725942398068,39.0,16.38119183862968
7,2,2024-01-01 06:50:00,22.50278020713482,88.35293518871079,31,29,4.038536542632651,6,3,4,8.000947005164036,30.0,20.040430552960725
7,2,2024-01-01 06:51:00,22.50313718947212,88.35258138811412,26,29,4.038536542632651,6,3,4,7.947270480757628,27.5,21.37803577337657
7,2,2024-01-01 06:52:00,22.50407906997133,88.35193569516056,45,29,4.038536542632651,6,3,4,7.823972659790386,37.0,16.72605977472517
7,2,2024-01-01 06:53:00,22.504285738363752,88.35253906374695,25,29,4.038536542632651,6,3,4,7.844676961611617,27.0,21.47115201288069
7,2,2024-01-01 06:54:00,22.504318304962148,88.35270035419876,38,29,4.038536542632651,6,3,4,7.852258023879575,33.5,18.102282257043832
7,2,2024-01-01 06:55:00,22.503339292244423,88.35349048477646,56,29,4.038536542632651,6,3,4,7.987947896552504,42.5,15.315639455412658
7,2,2024-01-01 06:56:00,22.50395864231696,88.35439155041837,29,29,4.038536542632651,6,3,4,7.993302973390856,29.0,20.57640476344132
7,2,2024-01-01 06:57:00,22.50364233688796,88.35513930032941,46,29,4.038536542632651,6,3,4,8.069528218024297,37.5,16.94978169147153
7,2,2024-01-01 06:58:00,22.504271110446496,88.35469996983451,31,29,4.038536542632651,6,3,4,7.986962713239293,30.0,20.012461969111236
7,2,2024-01-01 06:59:00,22.50449186543713,88.35374819022132,34,29,4.038536542632651,6,3,4,7.905472687554229,31.5,19.096579757021658
7,2,2024-01-01 07:00:00,22.50469078771645,88.35455299677355,37,34,2.514619379556375,7,3,4,7.941549352160918,35.5,15.936956312786096
7,2,2024-01-01 07:01:00,22.50412345327171,88.35443815146542,57,34,2.514619379556375,7,3,4,7.982281715737451,45.5,13.040705158550816
7,2,2024-01-01 07:02:00,22.50476442844067,88.35509083308732,50,34,2.514619379556375,7,3,4,7.9710899884763915,42.0,13.901890791665506
7,2,2024-01-01 07:03:00,22.504293372074,88.35509792705034,37,34,2.514619379556375,7,3,4,8.011444373637927,35.5,16.055088743451464
7,2,2024-01-01 07:04:00,22.504402746123574,88.35574979166744,43,34,2.514619379556375,7,3,4,8.045688105784826,38.5,15.05335408987039
7,2,2024-01-01 07:05:00,22.504334978708894,88.3556405647194,25,34,2.514619379556375,7,3,4,8.044092561700703,29.5,18.875485606744245
7,2,2024-01-01 07:06:00,22.504163260845324,88.35655645643925,40,34,2.514619379556375,7,3,4,8.120050076730484,37.0,15.682268152632835
7,2,2024-01-01 07:07:00,22.50349251770184,88.35638670631832,33,34,2.514619379556375,7,3,4,8.165100353757468,33.5,17.13867971464438
7,2,2024-01-01 07:08:00,22.502534559915293,88.35702592542445,28,34,2.514619379556375,7,3,4,8.28873601491291,31.0,18.557334247129752
7,2,2024-01-01 07:09:00,22.502743278554725,88.35755330996315,24,34,2.514619379556375,7,3,4,8.306426010263221,29.0,19.70032836630787
7,2,2024-01-01 07:10:00,22.50341775299117,88.35763930622836,51,34,2.514619379556375,7,3,4,8.255661141227813,42.5,14.16967040246623
7,2,2024-01-01 07:11:00,22.503668412910574,88.35666398832049,34,34,2.514619379556375,7,3,4,8.168856780723123,34.0,16.930248992597182
7,2,2024-01-01 07:12:00,22.5030373310127,88.3560685762188,22,34,2.514619379556375,7,3,4,8.182470525694942,28.0,20.048484791759822
7,2,2024-01-01 07:13:00,22.50323334924736,88.35583878142445,34,34,2.514619379556375,7,3,4,8.150587235284009,34.0,16.898008618292863
7,2,2024-01-01 07:14:00,22.503256764141582,88.35580536999439,57,34,2.514619379556375,7,3,4,8.146383849869679,45.5,13.257103577186722
7,2,2024-01-01 07:15:00,22.502798004130973,88.35519369573248,27,34,2.514619379556375,7,3,4,8.145250658576883,30.5,18.538063298068277
7,2,2024-01-01 07:16:00,22.50181267243265,88.35424531451821,23,34,2.514619379556375,7,3,4,8.16888417406743,28.5,19.71227027232991
7,2,2024-01-01 07:17:00,22.501960404132,88.35437735136799,27,34,2.514619379556375,7,3,4,8.164524905013224,30.5,18.575979848434848
7,2,2024-01-01 07:18:00,22.50207615148332,88.3552969334088,28,34,2.514619379556375,7,3,4,8.213978528305747,31.0,18.412642337567497
7,2,2024-01-01 07:19:00,22.50127216685288,88.35438506513194,26,34,2.514619379556375,7,3,4,8.224866150430042,30.0,18.96435168041646
7,2,2024-01-01 07:20:00,22.501354707074764,88.3546762094948,41,34,2.514619379556375,7,3,4,8.236297410910057,37.5,15.692695237012465
7,2,2024-01-01 07:21:00,22.50101549002209,88.3548546387235,20,34,2.514619379556375,7,3,4,8.27721790604372,27.0,20.90843694854242
7,2,2024-01-01 07:22:00,22.50060871498641,88.35400901378395,27,34,2.514619379556375,7,3,4,8.259049965868737,30.5,18.761930787822745
7,2,2024-01-01 07:23:00,22.501576778014968,88.35460198256261,31,34,2.514619379556375,7,3,4,8.212246003535943,32.5,17.675688924545806
7,2,2024-01-01 07:24:00,22.50106847289996,88.35431826199567,33,34,2.514619379556375,7,3,4,8.23838048397418,33.5,17.269927709062365
7,2,2024-01-01 07:25:00,22.501437101397805,88.35521622332976,25,34,2.514619379556375,7,3,4,8.263885842884958,29.5,19.322522788813917
7,2,2024-01-01 07:26:00,22.502293204898265,88.35439850460865,37,34,2.514619379556375,7,3,4,8.137049032865727,35.5,16.267378308343517
7,2,2024-01-01 07:27:00,22.50144672102204,88.3534068794959,47,34,2.514619379556375,7,3,4,8.147522187162927,40.5,14.58502261979775
7,2,2024-01-01 07:28:00,22.50173036005564,88.3532284571159,47,34,2.514619379556375,7,3,4,8.111378951539068,40.5,14.531477085540182
7,2,2024-01-01 07:29:00,22.501561246056827,88.3522764672056,28,34,2.514619379556375,7,3,4,8.06654348845937,31.0,18.12728419592935
7,2,2024-01-01 07:30:00,22.50060568302088,88.35325354717969,52,34,2.514619379556375,7,3,4,8.211913132768894,43.0,13.973102820629249
7,2,2024-01-01 07:31:00,22.501541288496178,88.35335327553642,22,34,2.514619379556375,7,3,4,8.135842970966632,28.0,19.948568603056298
7,2,2024-01-01 07:32:00,22.50117201598271,88.3531395697954,43,34,2.514619379556375,7,3,4,8.154842535766909,38.5,15.223464889842466
7,2,2024-01-01 07:33:00,22.500511024166443,88.35224151954945,32,34,2.514619379556375,7,3,4,8.157562279275226,33.0,17.34655079642042
7,2,2024-01-01 07:34:00,22.50110605225704,88.35259661115983,37,34,2.514619379556375,7,3,4,8.12673573920123,35.5,16.249947389473945
7,2,2024-01-01 07:35:00,22.500251522152592,88.3521578127863,31,34,2.514619379556375,7,3,4,8.175548693750526,32.5,17.607940044941962
7,2,2024-01-01 07:36:00,22.500939032240566,88.35180765837512,30,34,2.514619379556375,7,3,4,8.092756868351984,32.0,17.688538507716345
7,2,2024-01-01 07:37:00,22.50168764690884,88.35246890389598,45,34,2.514619379556375,7,3,4,8.067390039151203,39.5,14.768882730165798
7,2,2024-01-01 07:38:00,22.50148631206924,88.35228824963457,43,34,2.514619379556375,7,3,4,8.073904286480738,38.5,15.097327358487396
7,2,2024-01-01 07:39:00,22.500848095872,88.35288656557678,41,34,2.514619379556375,7,3,4,8.16760497524493,37.5,15.582787339948261
7,2,2024-01-01 07:40:00,22.501469032306428,88.35243186687141,37,34,2.514619379556375,7,3,4,8.08437962440595,35.5,16.17835958981995
7,2,2024-01-01 07:41:00,22.50213425585308,88.35304019800138,52,34,2.514619379556375,7,3,4,8.064081570750238,43.0,13.766826222463685
7,2,2024-01-01 07:42:00,22.50251835695916,88.35232017275483,56,34,2.514619379556375,7,3,4,7.98492629309794,45.0,13.16118777035363
7,2,2024-01-01 07:43:00,22.50243764615393,88.35267169534062,54,34,2.514619379556375,7,3,4,8.014189479805436,44.0,13.443059579291061
7,2,2024-01-01 07:44:00,22.50257475066514,88.35179004948435,42,34,2.514619379556375,7,3,4,7.946679876948085,38.0,15.06200865894809
7,2,2024-01-01 07:45:00,22.50292566275581,88.35158205141713,47,34,2.514619379556375,7,3,4,7.90272265541675,40.5,14.22235664684045
7,2,2024-01-01 07:46:00,22.50224313628256,88.35248059762962,27,34,2.514619379556375,7,3,4,8.019209018464556,30.5,18.29011253063419
7,2,2024-01-01 07:47:00,22.50211124063473,88.35173573797877,40,34,2.514619379556375,7,3,4,7.984233066027164,37.0,15.462024351492317
7,2,2024-01-01 07:48:00,22.501819995000695,88.35134139775673,20,34,2.514619379556375,7,3,4,7.985636574367609,27.0,20.260478433706616
7,2,2024-01-01 07:49:00,22.50178760008042,88.35117817682348,42,34,2.514619379556375,7,3,4,7.978463879983233,38.0,15.112193926898321
7,2,2024-01-01 07:50:00,22.50266492970701,88.35087788559184,49,34,2.514619379556375,7,3,4,7.881936916463068,41.5,13.910190825045149
7,2,2024-01-01 07:51:00,22.501987845375133,88.35082136526688,34,34,2.514619379556375,7,3,4,7.938695908386604,34.0,16.52408274729744
7,2,2024-01-01 07:52:00,22.5016178663895,88.35027057014703,42,34,2.514619379556375,7,3,4,7.938202907203966,38.0,15.048623969878426
7,2,2024-01-01 07:53:00,22.502102409174004,88.34932096833667,43,34,2.514619379556375,7,3,4,7.837274209943946,38.5,14.728553213235251
7,2,2024-01-01 07:54:00,22.502662834471074,88.34944875417878,26,34,2.514619379556375,7,3,4,7.794576263270839,30.0,18.103771906098054
7,2,2024-01-01 07:55:00,22.50232395647569,88.34993822763444,25,34,2.514619379556375,7,3,4,7.854694513616701,29.5,18.490269237759833
7,2,2024-01-01 07:56:00,22.5017154676885,88.349964577799,50,34,2.514619379556375,7,3,4,7.910912035371051,42.0,13.815922287229304
7,2,2024-01-01 07:57:00,22.501596546008244,88.34959918875384,32,34,2.514619379556375,7,3,4,7.8996161920835615,33.0,16.877557910617394
7,2,2024-01-01 07:58:00,22.501795144582257,88.34962660446428,47,34,2.514619379556375,7,3,4,7.883356192977974,40.5,14.193665591375597
7,2,2024-01-01 07:59:00,22.50143323473092,88.3494576325904,44,34,2.514619379556375,7,3,4,7.905886521251526,39.0,14.67752171994334
7,2,2024-01-01 08:00:00,22.501004486708045,88.34992684919182,30,43,7.3271706300566,8,3,4,7.972717815223264,36.5,20.4330081345332
7,2,2024-01-01 08:01:00,22.50117414233065,88.35080979766683,30,43,7.3271706300566,8,3,4,8.010741968305798,36.5,20.495513591655172
7,2,2024-01-01 08:02:00,22.500295946196854,88.34987165942961,54,43,7.3271706300566,8,3,4,8.033569378183,48.5,17.265606974200516
7,2,2024-01-01 08:03:00,22.5003387002398,88.35066480874654,43,43,7.3271706300566,8,3,4,8.077090366745113,43.0,18.59752928132885
7,2,2024-01-01 08:04:00,22.499889773374083,88.35065385099678,55,43,7.3271706300566,8,3,4,8.116970799651023,49.0,17.26631854799663
7,2,2024-01-01 08:05:00,22.500671090285007,88.3508477414436,53,43,7.3271706300566,8,3,4,8.05819548273626,48.0,17.399914983476926
7,2,2024-01-01 08:06:00,22.501287880049613,88.35107103428238,38,43,7.3271706300566,8,3,4,8.016481098066528,40.5,19.203438923488495
7,2,2024-01-01 08:07:00,22.501432125977058,88.3504326045835,28,43,7.3271706300566,8,3,4,7.964699911709705,35.5,20.78863526956596
7,2,2024-01-01 08:08:00,22.50079446967876,88.35101398678731,53,43,7.3271706300566,8,3,4,8.057191160519427,48.0,17.398659580705885
7,2,2024-01-01 08:09:00,22.50040730057746,88.35112425436081,37,43,7.3271706300566,8,3,4,8.098631347520088,40.0,19.475117651336735
7,2,2024-01-01 08:10:00,22.500586607567765,88.35025900810386,25,43,7.3271706300566,8,3,4,8.030363920644733,34.0,21.49840107825319
7,2,2024-01-01 08:11:00,22.501032750839865,88.35080435008013,58,43,7.3271706300566,8,3,4,8.023090368340197,50.5,16.85955522610436
7,2,2024-01-01 08:12:00,22.50059931964685,88.35060497575247,37,43,7.3271706300566,8,3,4,8.050001033601356,40.0,19.402172180458635
7,2,2024-01-01 08:13:00,22.500808998505573,88.35037987834431,28,43,7.3271706300566,8,3,4,8.017557515776288,35.5,20.877972065171452
7,2,2024-01-01 08:14:00,22.501146751567653,88.35097718990502,59,43,7.3271706300566,8,3,4,8.023382358339374,51.0,16.766443992808803
7,2,2024-01-01 08:15:00,22.50067874695384,88.35064275164295,23,43,7.3271706300566,8,3,4,8.045125616596696,33.0,21.954671751141504
7,2,2024-01-01 08:16:00,22.50059578407821,88.35077193292082,24,43,7.3271706300566,8,3,4,8.060386535150878,33.5,21.763683827341755
7,2,2024-01-01 08:17:00,22.50136761206921,88.3514040910055,37,43,7.3271706300566,8,3,4,8.029767533629371,40.0,19.37182193050066
7,2,2024-01-01 08:18:00,22.50236151090403,88.35184440592737,23,43,7.3271706300566,8,3,4,7.968891217759671,33.0,21.816063753256003
7,2,2024-01-01 08:19:00,22.50162736698945,88.35212138349696,50,43,7.3271706300566,8,3,4,8.05104100127867,46.5,17.715610631706497
7,2,2024-01-01 08:20:00,22.50090262645824,88.3511232423307,28,43,7.3271706300566,8,3,4,8.054138417502656,35.5,20.939798941328696
7,2,2024-01-01 08:21:00,22.50017887704452,88.351841465846,56,43,7.3271706300566,8,3,4,8.162694679804492,49.5,17.22134599951659
7,2,2024-01-01 08:22:00,22.50052866345063,88.35131959861414,32,43,7.3271706300566,8,3,4,8.099591584064992,37.5,20.28651716456059
7,2,2024-01-01 08:23:00,22.50104867454056,88.35094479466396,28,43,7.3271706300566,8,3,4,8.030195599112597,35.5,20.89933220602155
7,2,2024-01-01 08:24:00,22.5012894170448,88.35155230513598,42,43,7.3271706300566,8,3,4,8.045844353143183,42.5,18.686009716846975
7,2,2024-01-01 08:25:00,22.502158504806232,88.35115907622324,40,43,7.3271706300566,8,3,4,7.944294352051804,41.5,18.8128974041074
7,2,2024-01-01 08:26:00,22.502690222094003,88.35154238752698,24,43,7.3271706300566,8,3,4,7.9210079337754795,33.5,21.514050511445518
7,2,2024-01-01 08:27:00,22.50247733276621,88.35080382217416,39,43,7.3271706300566,8,3,4,7.894027505673591,41.0,18.879406004213077
7,2,2024-01-01 08:28:00,22.503407752043305,88.35066019005389,21,43,7.3271706300566,8,3,4,7.802598091088591,32.0,21.957042050847708
7,2,2024-01-01 08:29:00,22.50282138782957,88.35066910193723,47,43,7.3271706300566,8,3,4,7.855133550673787,45.0,17.800682030954984
7,2,2024-01-01 08:30:00,22.502676320885904,88.35095953908892,54,43,7.3271706300566,8,3,4,7.885981754221336,48.5,17.08302434661908
7,2,2024-01-01 08:31:00,22.502140770267708,88.35077018981022,24,43,7.3271706300566,8,3,4,7.921920028495013,33.5,21.515684113928263
7,2,2024-01-01 08:32:00,22.50218758463784,88.35161321659403,38,43,7.3271706300566,8,3,4,7.96985656676191,40.5,19.13436554377795
7,2,2024-01-01 08:33:00,22.50283800738036,88.35220333262924,43,43,7.3271706300566,8,3,4,7.949497414331712,43.0,18.41949260354271
7,2,2024-01-01 08:34:00,22.503530255801422,88.35156895940632,54,43,7.3271706300566,8,3,4,7.848727095051926,48.5,17.03693610847135
7,2,2024-01-01 08:35:00,22.50381339293479,88.3506200990045,57,43,7.3271706300566,8,3,4,7.764247390822136,50.0,16.644267499043163
7,2,2024-01-01 08:36:00,22.504619889144983,88.35015492956144,44,43,7.3271706300566,8,3,4,7.664013716072091,43.5,17.898224031535346
7,2,2024-01-01 08:37:00,22.50378470108871,88.35035486527796,27,43,7.3271706300566,8,3,4,7.750248674178452,35.0,20.61331121436252
7,2,2024-01-01 08:38:00,22.5045356783895,88.34995979791289,38,43,7.3271706300566,8,3,4,7.659242744805915,40.5,18.674196918657955
7,2,2024-01-01 08:39:00,22.505278308883994,88.35052996522737,32,43,7.3271706300566,8,3,4,7.629848866521358,37.5,19.534928816490773
7,2,2024-01-01 08:40:00,22.504571699112024,88.35091061092116,55,43,7.3271706300566,8,3,4,7.715816194748551,49.0,16.775108827707886
7,2,2024-01-01 08:41:00,22.50527835754514,88.35056693106587,42,43,7.3271706300566,8,3,4,7.632190248110749,42.5,18.102027450918836
7,2,2024-01-01 08:42:00,22.505617071513623,88.35002949092251,36,43,7.3271706300566,8,3,4,7.5684913185002305,39.5,18.823613139170874
7,2,2024-01-01 08:43:00,22.50474444104863,88.3493837452109,53,43,7.3271706300566,8,3,4,7.604924160597226,48.0,16.833325830803133
7,2,2024-01-01 08:44:00,22.50463526009084,88.34855225596574,33,43,7.3271706300566,8,3,4,7.563375250234584,38.0,19.269342077795418
7,2,2024-01-01 08:45:00,22.505138910382755,88.34917614843502,58,43,7.3271706300566,8,3,4,7.557092330935908,50.5,16.30589419156461
7,2,2024-01-01 08:46:00,22.50471779217269,88.34974257934434,39,43,7.3271706300566,8,3,4,7.629603464016181,41.0,18.4924439920315
7,2,2024-01-01 08:47:00,22.503981165979564,88.35015266115704,26,43,7.3271706300566,8,3,4,7.720285436797164,34.5,20.753753998399496
7,2,2024-01-01 08:48:00,22.50433661246197,88.34965729062931,27,43,7.3271706300566,8,3,4,7.658040003261346,35.0,20.45523920707605
7,2,2024-01-01 08:49:00,22.50367432938871,88.34876456021235,22,43,7.3271706300566,8,3,4,7.662305376153039,32.5,21.472965170646827
7,2,2024-01-01 08:50:00,22.50459327375462,88.3481999852383,46,43,7.3271706300566,8,3,4,7.545618516447172,44.5,17.501038292682
7,2,2024-01-01 08:51:00,22.504360068036732,88.34753654241531,26,43,7.3271706300566,8,3,4,7.526434666886945,34.5,20.41662222464259
7,2,2024-01-01 08:52:00,22.504713357306372,88.34780863709999,30,43,7.3271706300566,8,3,4,7.511075063312238,36.5,19.67414333687124
7,2,2024-01-01 08:53:00,22.5048690132494,88.34742438535054,55,43,7.3271706300566,8,3,4,7.473839795569349,49.0,16.478811196059887
7,2,2024-01-01 08:54:00,22.50479080992581,88.34808180331817,36,43,7.3271706300566,8,3,4,7.520732521475176,39.5,18.751068131031552
7,2,2024-01-01 08:55:00,22.50565578777299,88.34894953520386,51,43,7.3271706300566,8,3,4,7.497265545798063,47.0,16.898147922564767
7,2,2024-01-01 08:56:00,22.5063334954968,88.34929156116492,54,43,7.3271706300566,8,3,4,7.459052433469575,48.5,16.55486436218391
7,2,2024-01-01 08:57:00,22.505617484015502,88.34890004489257,50,43,7.3271706300566,8,3,4,7.497568795491269,46.5,17.001452946819526
7,2,2024-01-01 08:58:00,22.505841501075423,88.34851264688635,42,43,7.3271706300566,8,3,4,7.453653668745081,42.5,17.84997580946142
7,2,2024-01-01 08:59:00,22.5049833329944,88.34821223900997,34,43,7.3271706300566,8,3,4,7.51147981205832,38.5,19.033372934563072
7,2,2024-01-01 09:00:00,22.50444947861818,88.34860261394239,55,36,1.5840302239808342,9,3,4,7.5830496248702275,45.5,11.583656102930584
7,2,2024-01-01 09:01:00,22.504046023526648,88.34915362453583,32,36,1.5840302239808342,9,3,4,7.652814856056743,34.0,15.088997617022146
7,2,2024-01-01 09:02:00,22.50421128081873,88.35014457284052,51,36,1.5840302239808342,9,3,4,7.699428956057882,43.5,12.203932232336532
7,2,2024-01-01 09:03:00,22.505162838455828,88.34988284522814,32,36,1.5840302239808342,9,3,4,7.599133971755186,34.0,14.994266644725279
7,2,2024-01-01 09:04:00,22.504851021691525,88.34992393290274,33,36,1.5840302239808342,9,3,4,7.629174876502939,34.5,14.852160443985944
7,2,2024-01-01 09:05:00,22.50561085094498,88.34993497448619,26,36,1.5840302239808342,9,3,4,7.5630620052332205,31.0,16.222214750238678
7,2,2024-01-01 09:06:00,22.50488759413442,88.35090045356802,44,36,1.5840302239808342,9,3,4,7.687524144117332,40.0,13.115316440156834
7,2,2024-01-01 09:07:00,22.50403432226934,88.35122674606596,21,36,1.5840302239808342,9,3,4,7.782903847160108,28.5,17.96909095484422
7,2,2024-01-01 09:08:00,22.503864613577328,88.35107113053373,49,36,1.5840302239808342,9,3,4,7.788002624176076,42.5,12.578857458111765
7,2,2024-01-01 09:09:00,22.50325603885753,88.35171163717162,41,36,1.5840302239808342,9,3,4,7.881797666276988,38.5,13.867351262334582
7,2,2024-01-01 09:10:00,22.50280977879651,88.35080376329898,36,36,1.5840302239808342,9,3,4,7.864494346218692,36.0,14.691520801011988
7,2,2024-01-01 09:11:00,22.50283552828112,88.35044547238448,23,36,1.5840302239808342,9,3,4,7.840075082634299,29.5,17.529945646287885
7,2,2024-01-01 09:12:00,22.502458671760287,88.35113677942903,25,36,1.5840302239808342,9,3,4,7.916267500323463,30.5,17.157015470518793
7,2,2024-01-01 09:13:00,22.503300054561844,88.35082681310888,24,36,1.5840302239808342,9,3,4,7.822496221510566,30.0,17.229022667001963
7,2,2024-01-01 09:14:00,22.50270853877458,88.35066420339554,56,36,1.5840302239808342,9,3,4,7.864857818200983,46.0,11.84254042163429
7,2,2024-01-01 09:15:00,22.501708992851015,88.35149420647103,21,36,1.5840302239808342,9,3,4,8.004934283876324,28.5,18.436523453194148
7,2,2024-01-01 09:16:00,22.502193577313992,88.35082983566232,41,36,1.5840302239808342,9,3,4,7.92088122972766,38.5,13.928260711868097
7,2,2024-01-01 09:17:00,22.50265929568865,88.35158222061887,57,36,1.5840302239808342,9,3,4,7.926226149605896,46.5,11.811418804117475
7,2,2024-01-01 09:18:00,22.50351691161003,88.3514432922607,26,36,1.5840302239808342,9,3,4,7.841980840972462,31.0,16.762057658121083
7,2,2024-01-01 09:19:00,22.50313231723681,88.3509276415614,43,36,1.5840302239808342,9,3,4,7.84360947705287,39.5,13.498373733428231
8,3,2024-01-01 06:00:00,22.507737795516487,88.37362406523252,52,46,2.982169428089935,6,1,2,9.90469115242686,49.0,15.11036267595956
8,3,2024-01-01 06:01:00,22.508573477282678,88.3728401231475,55,46,2.982169428089935,6,1,2,9.818437994307438,50.5,14.647640312415604
8,3,2024-01-01 06:02:00,22.50768113833249,88.37221987380569,53,46,2.982169428089935,6,1,2,9.922796477959286,49.5,15.009801522586038
8,3,2024-01-01 06:03:00,22.50684346678142,88.37212427876389,32,46,2.982169428089935,6,1,2,10.01644602849206,39.0,18.3920863950008
8,3,2024-01-01 06:04:00,22.507216494667507,88.37275442296524,56,46,2.982169428089935,6,1,2,9.969535929960122,51.0,14.71103522804302
8,3,2024-01-01 06:05:00,22.50793938603955,88.37348649431533,36,46,2.982169428089935,6,1,2,9.88340755962425,41.0,17.44569268607664
8,3,2024-01-01 06:06:00,22.50849547865252,88.37340796151581,49,46,2.982169428089935,6,1,2,9.822377960015418,47.5,15.389383693372569
8,3,2024-01-01 06:07:00,22.50911161428675,88.37304941056473,22,46,2.982169428089935,6,1,2,9.757025168332552,34.0,20.200449136912084
8,3,2024-01-01 06:08:00,22.50962075300916,88.37254662033396,26,46,2.982169428089935,6,1,2,9.704997592135175,36.0,19.157165414981893
8,3,2024-01-01 06:09:00,22.51039375806244,88.3723439053224,20,46,2.982169428089935,6,1,2,9.621243001792283,33.0,20.475338522257722
8,3,2024-01-01 06:10:00,22.510806502056063,88.37203506449414,48,46,2.982169428089935,6,1,2,9.578479515778174,47.0,15.210015618445048
8,3,2024-01-01 06:11:00,22.51171458658622,88.3712788234977,31,46,2.982169428089935,6,1,2,9.48568380392607,38.5,17.76505327836433
8,3,2024-01-01 06:12:00,22.511389247803912,88.37193387088561,25,46,2.982169428089935,6,1,2,9.514965452559291,35.5,19.063801178894373
8,3,2024-01-01 06:13:00,22.512373026195807,88.37283666460957,57,46,2.982169428089935,6,1,2,9.397525379412441,51.5,13.930742685657826
8,3,2024-01-01 06:14:00,22.512448195447192,88.3722065052045,43,46,2.982169428089935,6,1,2,9.395084295992955,44.5,15.649698815945605
8,3,2024-01-01 06:15:00,22.512559294586964,88.37178922735018,41,46,2.982169428089935,6,1,2,9.38693150949143,43.5,15.92966116531949
8,3,2024-01-01 06:16:00,22.51228584017976,88.37166652235067,54,46,2.982169428089935,6,1,2,9.418441342069025,50.0,14.284299038572765
8,3,2024-01-01 06:17:00,22.513096438177783,88.37165243629397,30,46,2.982169428089935,6,1,2,9.328909162126923,38.0,17.712025999869287
8,3,2024-01-01 06:18:00,22.513776433698997,88.37133108196528,53,46,2.982169428089935,6,1,2,9.2571103195824,49.5,14.202909209401934
8,3,2024-01-01 06:19:00,22.51337173425413,88.37092721436763,37,46,2.982169428089935,6,1,2,9.306306105456034,41.5,16.437069821520346
8,3,2024-01-01 06:20:00,22.51371976932389,88.37161584409593,33,46,2.982169428089935,6,1,2,9.260339286555311,39.5,17.048507584882813
8,3,2024-01-01 06:21:00,22.514155634705777,88.37118305994277,41,46,2.982169428089935,6,1,2,9.21680426115536,43.5,15.695002891752502
8,3,2024-01-01 06:22:00,22.514974493713147,88.3705633174754,53,46,2.982169428089935,6,1,2,9.133418913802084,49.5,14.05298023269852
8,3,2024-01-01 06:23:00,22.51506375545536,88.36971903051462,40,46,2.982169428089935,6,1,2,9.13399400427806,43.0,15.727277341036064
8,3,2024-01-01 06:24:00,22.514557677789345,88.37043832120533,20,46,2.982169428089935,6,1,2,9.180942543073245,33.0,19.674792233677653
8,3,2024-01-01 06:25:00,22.513982249072683,88.36966943795869,59,46,2.982169428089935,6,1,2,9.253951081077574,52.5,13.55811352075002
8,3,2024-01-01 06:26:00,22.514851840107667,88.3704878422311,55,46,2.982169428089935,6,1,2,9.147863630995822,50.5,13.850918296599822
8,3,2024-01-01 06:27:00,22.51581342771849,88.37069969462193,42,46,2.982169428089935,6,1,2,9.039140557341584,44.0,15.308270188101186
8,3,2024-01-01 06:28:00,22.516570259444585,88.3716047282013,34,46,2.982169428089935,6,1,2,8.945220334815943,40.0,16.39999993031385
8,3,2024-01-01 06:29:00,22.51665937009389,88.37092448772803,33,46,2.982169428089935,6,1,2,8.943050934649579,39.5,16.56655059464626
8,3,2024-01-01 06:30:00,22.51706124082393,88.37031303487004,38,46,2.982169428089935,6,1,2,8.906059549590053,42.0,15.705111641790012
8,3,2024-01-01 06:31:00,22.517067931085144,88.37090591599308,36,46,2.982169428089935,6,1,2,8.898136183186336,41.0,16.003832135191892
8,3,2024-01-01 06:32:00,22.516890339219568,88.37123264106111,51,46,2.982169428089935,6,1,2,8.913978139276697,48.5,14.009771249875538
8,3,2024-01-01 06:33:00,22.51747659629549,88.37067365863538,25,46,2.982169428089935,6,1,2,8.855775459618986,35.5,17.949677247164278
8,3,2024-01-01 06:34:00,22.516556219174387,88.37022163483432,52,46,2.982169428089935,6,1,2,8.962940002801663,49.0,13.957198002949113
8,3,2024-01-01 06:35:00,22.516078056333686,88.37116086671213,26,46,2.982169428089935,6,1,2,9.004561440357973,36.0,17.989771828686557
8,3,2024-01-01 06:36:00,22.515164256551586,88.3705190565908,52,46,2.982169428089935,6,1,2,9.112987275664585,49.0,14.140929357475141
8,3,2024-01-01 06:37:00,22.51605981594752,88.36980145471787,46,46,2.982169428089935,6,1,2,9.023049084775542,46.0,14.751363886492815
8,3,2024-01-01 06:38:00,22.51607609938485,88.37004193742641,52,46,2.982169428089935,6,1,2,9.018183186642567,49.0,14.024842717856341
8,3,2024-01-01 06:39:00,22.516626568462648,88.36972711959203,35,46,2.982169428089935,6,1,2,8.961500348850858,40.5,16.258466241202317
8,3,2024-01-01 06:40:00,22.516883701263943,88.36999364599525,34,46,2.982169428089935,6,1,2,8.929686906984564,40.0,16.376699788566782
8,3,2024-01-01 06:41:00,22.51775982954308,88.37082894055106,52,46,2.982169428089935,6,1,2,8.822629448725433,49.0,13.785389161223119
8,3,2024-01-01 06:42:00,22.5184117113813,88.37122206335535,22,46,2.982169428089935,6,1,2,8.745990519018955,34.0,18.41627034400574
8,3,2024-01-01 06:43:00,22.519052359557595,88.37134579093497,26,46,2.982169428089935,6,1,2,8.67377557408041,36.0,17.438462051557284
8,3,2024-01-01 06:44:00,22.51990497611144,88.37158412702345,51,46,2.982169428089935,6,1,2,8.576829416425399,48.5,13.59268004634816
8,3,2024-01-01 06:45:00,22.520097910262265,88.37221289486479,45,46,2.982169428089935,6,1,2,8.548576619862121,45.5,14.255017718018006
8,3,2024-01-01 06:46:00,22.519949905301203,88.37314838051445,36,46,2.982169428089935,6,1,2,8.55554348413923,41.0,15.502476965854662
8,3,2024-01-01 06:47:00,22.52015179627028,88.37354054023758,31,46,2.982169428089935,6,1,2,8.529557294789512,38.5,16.274985991398268
8,3,2024-01-01 06:48:00,22.52067041798058,88.37396587147556,34,46,2.982169428089935,6,1,2,8.468361374317492,40.0,15.684711489566173
8,3,2024-01-01 06:49:00,22.520426867011064,88.37400045843987,21,46,2.982169428089935,6,1,2,8.495054758273753,33.5,18.197192875744417
8,3,2024-01-01 06:50:00,22.52011272633658,88.37436819868968,32,46,2.982169428089935,6,1,2,8.526840479602388,39.0,16.100385550555146
8,3,2024-01-01 06:51:00,22.519257280231727,88.37451977041523,41,46,2.982169428089935,6,1,2,8.62049004508084,43.5,14.872500524753164
8,3,2024-01-01 06:52:00,22.518368761938905,88.37473939593833,30,46,2.982169428089935,6,1,2,8.71736205062238,38.0,16.746425297493694
8,3,2024-01-01 06:53:00,22.51777306073735,88.37483037661933,57,46,2.982169428089935,6,1,2,8.782769769734214,51.5,13.21452255787737
8,3,2024-01-01 06:54:00,22.516952579738472,88.3756520291487,52,46,2.982169428089935,6,1,2,8.868312030628756,49.0,13.841327016614944
8,3,2024-01-01 06:55:00,22.51674712268415,88.37514313040059,21,46,2.982169428089935,6,1,2,8.894400739230939,33.5,18.912439408802065
8,3,2024-01-01 06:56:00,22.51636248086311,88.37599524952023,43,46,2.982169428089935,6,1,2,8.93177813544381,44.5,15.025016352283838
8,3,2024-01-01 06:57:00,22.515774069617088,88.37647838173716,49,46,2.982169428089935,6,1,2,8.99449891941179,47.5,14.343641747346933
8,3,2024-01-01 06:58:00,22.515661612295272,88.37604311757525,40,46,2.982169428089935,6,1,2,9.009321225832853,43.0,15.553315324600892
8,3,2024-01-01 06:59:00,22.515730730733583,88.37543403357598,29,46,2.982169428089935,6,1,2,9.005286118660997,37.5,17.39062721794753
8,3,2024-01-01 07:00:00,22.51656370903581,88.37508970997368,39,45,5.608837524693529,7,1,2,8.91511302019441,42.0,18.3447132678284
8,3,2024-01-01 07:01:00,22.517344182279405,88.3743195226604,28,45,5.608837524693529,7,1,2,8.834162694960513,36.5,20.130748804080675
8,3,2024-01-01 07:02:00,22.518248307172684,88.3747953781984,23,45,5.608837524693529,7,1,2,8.730310866541762,34.0,21.01526846564958
8,3,2024-01-01 07:03:00,22.51787639478652,88.37479377609208,28,45,5.608837524693529,7,1,2,8.771573185134423,36.5,20.02786193861313
8,3,2024-01-01 07:04:00,22.51733035186546,88.37528158646668,47,45,5.608837524693529,7,1,2,8.828759428680485,46.0,17.12461069253764
8,3,2024-01-01 07:05:00,22.517177892105323,88.37496585166691,45,45,5.608837524693529,7,1,2,8.84782797726533,45.0,17.405941494380635
8,3,2024-01-01 07:06:00,22.51742637357932,88.3756246219672,47,45,5.608837524693529,7,1,2,8.815894725036424,46.0,17.107830644306254
8,3,2024-01-01 07:07:00,22.517129673324003,88.37644371891322,22,45,5.608837524693529,7,1,2,8.844133684475286,33.5,21.44907695957464
8,3,2024-01-01 07:08:00,22.516728137332606,88.37630543546399,36,45,5.608837524693529,7,1,2,8.889457053325007,40.5,18.778403529619467
8,3,2024-01-01 07:09:00,22.51659552599525,88.37700237901281,22,45,5.608837524693529,7,1,2,8.900727040721417,33.5,21.550438194642336
8,3,2024-01-01 07:10:00,22.517567062494415,88.3775849475978,54,45,5.608837524693529,7,1,2,8.790326449660885,49.5,16.26377867579763
8,3,2024-01-01 07:11:00,22.517245503091203,88.37767413849522,26,45,5.608837524693529,7,1,2,8.825714401531078,35.5,20.525537921647462
8,3,2024-01-01 07:12:00,22.517935582389,88.37746424517094,43,45,5.608837524693529,7,1,2,8.749860906376684,44.0,17.54046603338901
8,3,2024-01-01 07:13:00,22.51773933493147,88.37781175763051,44,45,5.608837524693529,7,1,2,8.770327884789571,44.5,17.43399871766823
8,3,2024-01-01 07:14:00,22.51823726123319,88.37752572248945,27,45,5.608837524693529,7,1,2,8.716093402020334,36.0,20.135659861394085
8,3,2024-01-01 07:15:00,22.51819784975077,88.37784913018041,35,45,5.608837524693529,7,1,2,8.719239573183488,40.0,18.687696884468764
8,3,2024-01-01 07:16:00,22.5182892416884,88.3772572589575,33,45,5.608837524693529,7,1,2,8.711438472986066,39.0,19.01105056005671
8,3,2024-01-01 07:17:00,22.518258620722268,88.3763109942656,26,45,5.608837524693529,7,1,2,8.719482633068376,35.5,20.345991270724586
8,3,2024-01-01 07:18:00,22.517690683603053,88.37724553664634,39,45,5.608837524693529,7,1,2,8.77798673739371,42.0,18.148818578113115
8,3,2024-01-01 07:19:00,22.51860495326813,88.37709974673706,45,45,5.608837524693529,7,1,2,8.677065221032251,45.0,17.1782578194032
8,3,2024-01-01 07:20:00,22.51820429063582,88.37802395094539,49,45,5.608837524693529,7,1,2,8.71790994691234,47.0,16.738084265432686
8,3,2024-01-01 07:21:00,22.51861884845963,88.37752829670038,52,45,5.608837524693529,7,1,2,8.6736849641534,48.5,16.33916943911011
8,3,2024-01-01 07:22:00,22.518952311519342,88.37755023818647,53,45,5.608837524693529,7,1,2,8.636545758559182,49.0,16.1841996780313
8,3,2024-01-01 07:23:00,22.5180598754477,88.37659440987707,55,45,5.608837524693529,7,1,2,8.74005076927009,50.0,16.096898447817637
8,3,2024-01-01 07:24:00,22.51754458283797,88.37692103129608,42,45,5.608837524693529,7,1,2,8.795679600299952,43.5,17.74080938717622
8,3,2024-01-01 07:25:00,22.51685087183814,88.37737726417075,21,45,5.608837524693529,7,1,2,8.87073539812346,33.0,21.737447339463458
8,3,2024-01-01 07:26:00,22.51683559644518,88.377778995569,22,45,5.608837524693529,7,1,2,8.87087515757643,33.5,21.496972135278178
8,3,2024-01-01 07:27:00,22.516672178667367,88.37739782115874,55,45,5.608837524693529,7,1,2,8.890505077062278,50.0,16.27744361716826
8,3,2024-01-01 07:28:00,22.516666686440548,88.37675465335187,25,45,5.608837524693529,7,1,2,8.893985647499639,35.0,20.855670063264338
8,3,2024-01-01 07:29:00,22.51632237211632,88.37738614411312,37,45,5.608837524693529,7,1,2,8.929418736047346,41.0,18.67627957744574
8,3,2024-01-01 07:30:00,22.51597402128436,88.3767696165479,49,45,5.608837524693529,7,1,2,8.9708498452356,47.0,17.06098626329217
8,3,2024-01-01 07:31:00,22.51668311607077,88.37644962532002,51,45,5.608837524693529,7,1,2,8.893693494868657,48.0,16.725954393279352
8,3,2024-01-01 07:32:00,22.517385927566547,88.37561815405233,46,45,5.608837524693529,7,1,2,8.82042417059396,45.5,17.24016610130095
8,3,2024-01-01 07:33:00,22.518081022832657,88.374981789358,26,45,5.608837524693529,7,1,2,8.747527899471484,35.5,20.39339172098336
8,3,2024-01-01 07:34:00,22.517412022381983,88.37539499761598,22,45,5.608837524693529,7,1,2,8.818951086203958,33.5,21.403973798491663
8,3,2024-01-01 07:35:00,22.51665023545373,88.37467609187198,56,45,5.608837524693529,7,1,2,8.908429811545842,50.5,16.19311056811433
8,3,2024-01-01 07:36:00,22.51607372717784,88.373759086523,25,45,5.608837524693529,7,1,2,8.979507915864124,35.0,21.002279666174882
8,3,2024-01-01 07:37:00,22.516746788959363,88.37416775715491,40,45,5.608837524693529,7,1,2,8.901586220115517,42.5,18.17578277662132
8,3,2024-01-01 07:38:00,22.517224275978595,88.37378029292891,43,45,5.608837524693529,7,1,2,8.851820041694426,44.0,17.6795012179132
8,3,2024-01-01 07:39:00,22.5176166608792,88.37316603406629,33,45,5.608837524693529,7,1,2,8.813751437343162,39.0,19.168455120606087
8,3,2024-01-01 07:40:00,22.51672231425193,88.37361820376925,53,45,5.608837524693529,7,1,2,8.90881949025772,49.0,16.51759608419278
8,3,2024-01-01 07:41:00,22.51730609689952,88.37424134777795,36,45,5.608837524693529,7,1,2,8.838997185507942,40.5,18.703648169890478
8,3,2024-01-01 07:42:00,22.51743493007508,88.37444251417193,20,45,5.608837524693529,7,1,2,8.823151712373505,32.5,21.897732993690767
8,3,2024-01-01 07:43:00,22.517849782625404,88.37486607006191,32,45,5.608837524693529,7,1,2,8.774002760269829,38.5,19.282608060178976
8,3,2024-01-01 07:44:00,22.518015154918512,88.37411428479734,23,45,5.608837524693529,7,1,2,8.761406331183682,34.0,21.070142815017675
8,3,2024-01-01 07:45:00,22.51853957903514,88.37429771873512,31,45,5.608837524693529,7,1,2,8.701801135398393,38.0,19.34852352795415
8,3,2024-01-01 07:46:00,22.518196350034373,88.37427214274896,27,45,5.608837524693529,7,1,2,8.740055383775035,36.0,20.17559649765192
8,3,2024-01-01 07:47:00,22.51817592177035,88.37432945595694,31,45,5.608837524693529,7,1,2,8.741868086479812,38.0,19.41178713492481
8,3,2024-01-01 07:48:00,22.517448662425284,88.37478548047253,30,45,5.608837524693529,7,1,2,8.819076289452651,37.5,19.71935958781777
8,3,2024-01-01 07:49:00,22.518059011220004,88.37415703438192,40,45,5.608837524693529,7,1,2,8.756199773514185,42.5,17.970531322595907
8,3,2024-01-01 07:50:00,22.517830118348805,88.37417040596362,48,45,5.608837524693529,7,1,2,8.781466293164982,46.5,16.93976177393867
8,3,2024-01-01 07:51:00,22.518440352051435,88.3734440962968,40,45,5.608837524693529,7,1,2,8.71999840312499,42.5,17.919423505575867
8,3,2024-01-01 07:52:00,22.519306087431687,88.374289386576,49,45,5.608837524693529,7,1,2,8.616892773409933,47.0,16.609126171599826
8,3,2024-01-01 07:53:00,22.518881846787828,88.37473877908452,26,45,5.608837524693529,7,1,2,8.660462583567162,35.5,20.246239074384505
8,3,2024-01-01 07:54:00,22.517955272674797,88.37468831709661,57,45,5.608837524693529,7,1,2,8.76359829305681,51.0,15.918953163583895
8,3,2024-01-01 07:55:00,22.518796344445,88.37371232315115,29,45,5.608837524693529,7,1,2,8.67819851391227,37.0,19.68159187157829
8,3,2024-01-01 07:56:00,22.519043382835346,88.37283853588939,36,45,5.608837524693529,7,1,2,8.658880115763562,40.5,18.436808066565472
8,3,2024-01-01 07:57:00,22.51938889480784,88.37251306968149,29,45,5.608837524693529,7,1,2,8.623884486659923,37.0,19.59351507062854
8,3,2024-01-01 07:58:00,22.51961726729648,88.3719862892469,25,45,5.608837524693529,7,1,2,8.604163482226506,35.0,20.358832065653253
8,3,2024-01-01 07:59:00,22.51956803900719,88.3725522897096,43,45,5.608837524693529,7,1,2,8.603663586807524,44.0,17.341106052158334
8,3,2024-01-01 08:00:00,22.518780359714285,88.37322723474884,47,38,4.137993885625564,8,1,2,8.684311677401196,42.5,16.398198606662547
8,3,2024-01-01 08:01:00,22.518291066414744,88.37388318767584,46,38,4.137993885625564,8,1,2,8.732731313600045,42.0,16.613324333625627
8,3,2024-01-01 08:02:00,22.51925342953233,88.3738156942389,51,38,4.137993885625564,8,1,2,8.626661004786223,44.5,15.769446925786765
8,3,2024-01-01 08:03:00,22.51832635163398,88.37292118214323,42,38,4.137993885625564,8,1,2,8.737460179480184,40.0,17.24418415484584
8,3,2024-01-01 08:04:00,22.51756229660124,88.37201148487206,42,38,4.137993885625564,8,1,2,8.83115437878637,40.0,17.38472545380512
8,3,2024-01-01 08:05:00,22.518449852823974,88.37151326550513,59,38,4.137993885625564,8,1,2,8.73844867703119,48.5,14.948445857210542
8,3,2024-01-01 08:06:00,22.51823637579417,88.37174669092042,52,38,4.137993885625564,8,1,2,8.759456126986683,45.0,15.817268721607807
8,3,2024-01-01 08:07:00,22.51790122917852,88.37137775728175,37,38,4.137993885625564,8,1,2,8.800613529862352,37.5,18.218975533405327
8,3,2024-01-01 08:08:00,22.51763482581981,88.37057674661949,49,38,4.137993885625564,8,1,2,8.839484958681536,43.5,16.330386932082856
8,3,2024-01-01 08:09:00,22.51837193987631,88.37070602633528,30,38,4.137993885625564,8,1,2,8.756523799006182,34.0,19.590682942695295
8,3,2024-01-01 08:10:00,22.51857352417499,88.37110775772977,52,38,4.137993885625564,8,1,2,8.729448980256175,45.0,15.777259192633798
8,3,2024-01-01 08:11:00,22.51926988717155,88.37147810675633,23,38,4.137993885625564,8,1,2,8.64822034640516,30.5,21.15088637035703
8,3,2024-01-01 08:12:00,22.519233921851104,88.37199365987708,49,38,4.137993885625564,8,1,2,8.646472689193484,43.5,16.064163112099337
8,3,2024-01-01 08:13:00,22.518870001074493,88.37284294345933,35,38,4.137993885625564,8,1,2,8.678029700822547,36.5,18.40324818834756
8,3,2024-01-01 08:14:00,22.518213826189942,88.37293759282801,27,38,4.137993885625564,8,1,2,8.749761799988026,32.5,20.29140028560346
8,3,2024-01-01 08:15:00,22.51830664033837,88.37243708118646,45,38,4.137993885625564,8,1,2,8.744407719401828,41.5,16.780511070302907
8,3,2024-01-01 08:16:00,22.51774727853561,88.37246769156245,48,38,4.137993885625564,8,1,2,8.805997249427692,43.0,16.425431908082807
8,3,2024-01-01 08:17:00,22.51855974557448,88.37295456191036,31,38,4.137993885625564,8,1,2,8.71130158492192,34.5,19.288083598533248
8,3,2024-01-01 08:18:00,22.518313717909056,88.37316098803456,37,38,4.137993885625564,8,1,2,8.736601953644099,37.5,18.116557011456123
8,3,2024-01-01 08:19:00,22.517334820153955,88.3729491683401,21,38,4.137993885625564,8,1,2,8.846977514992226,29.5,22.131846458491104
8,3,2024-01-01 08:20:00,22.517486150659952,88.37220139898486,45,38,4.137993885625564,8,1,2,8.837597993131801,41.5,16.915243996177566
8,3,2024-01-01 08:21:00,22.517978509937056,88.37280547552542,59,38,4.137993885625564,8,1,2,8.777080263736812,48.5,14.996237510866981
8,3,2024-01-01 08:22:00,22.518738185432937,88.37310284143214,34,38,4.137993885625564,8,1,2,8.690140733511145,36.0,18.621561774810804
8,3,2024-01-01 08:23:00,22.519176654271025,88.3726459423425,29,38,4.137993885625564,8,1,2,8.64603016685203,33.5,19.623421050136663
8,3,2024-01-01 08:24:00,22.51858024416753,88.37346359533794,34,38,4.137993885625564,8,1,2,8.704327819727293,36.0,18.645206918504385
8,3,2024-01-01 08:25:00,22.518384990268977,88.37305960905232,59,38,4.137993885625564,8,1,2,8.729655772720836,48.5,14.937568037445155
8,3,2024-01-01 08:26:00,22.51775307981308,88.3735725112283,34,38,4.137993885625564,8,1,2,8.795003182427067,36.0,18.796332523004008
8,3,2024-01-01 08:27:00,22.517171153887848,88.37396410116219,20,38,4.137993885625564,8,1,2,8.85618236527631,29.0,22.461129813783444
8,3,2024-01-01 08:28:00,22.51816217582388,88.37386465478308,56,38,4.137993885625564,8,1,2,8.747170996353915,47.0,15.304595157566732
8,3,2024-01-01 08:29:00,22.518856714643803,88.37327666614019,46,38,4.137993885625564,8,1,2,8.675399993021564,42.0,16.531422447084942
8,3,2024-01-01 08:30:00,22.5185404461814,88.37424827345909,35,38,4.137993885625564,8,1,2,8.702098459301315,36.5,18.44281327077841
8,3,2024-01-01 08:31:00,22.518671278060907,88.37329029177306,59,38,4.137993885625564,8,1,2,8.69581220283662,48.5,14.895699703567773
8,3,2024-01-01 08:32:00,22.517688832484804,88.3730545575907,44,38,4.137993885625564,8,1,2,8.806790233785259,41.0,17.025979593603992
8,3,2024-01-01 08:33:00,22.51686224562,88.3731312837949,52,38,4.137993885625564,8,1,2,8.897622750120869,45.0,16.001490885786723
8,3,2024-01-01 08:34:00,22.51752137728285,88.37239867510371,47,38,4.137993885625564,8,1,2,8.83168950224766,42.5,16.606261418210494
8,3,2024-01-01 08:35:00,22.51802422391792,88.37328134388929,53,38,4.137993885625564,8,1,2,8.767558651774625,45.5,15.69960969016353
8,3,2024-01-01 08:36:00,22.517222683110106,88.3731386324477,33,38,4.137993885625564,8,1,2,8.857636069733871,35.5,19.108646397851825
8,3,2024-01-01 08:37:00,22.516652994353358,88.37339356824523,52,38,4.137993885625564,8,1,2,8.918448907658952,45.0,16.0292590958375
8,3,2024-01-01 08:38:00,22.517511801321053,88.37280317306335,56,38,4.137993885625564,8,1,2,8.82876969845594,47.0,15.408763713441656
8,3,2024-01-01 08:39:00,22.517988893427848,88.37193076217585,34,38,4.137993885625564,8,1,2,8.78483014759046,36.0,18.779377464942996
8,3,2024-01-01 08:40:00,22.51747340774302,88.37133773816497,38,38,4.137993885625564,8,1,2,8.848348234584721,38.0,18.109070045496175
8,3,2024-01-01 08:41:00,22.51831045094856,88.37043172316697,23,38,4.137993885625564,8,1,2,8.76670208432856,30.5,21.3839651990588
8,3,2024-01-01 08:42:00,22.519263686223187,88.3701861267319,55,38,4.137993885625564,8,1,2,8.664655079502719,46.5,15.318193988209718
8,3,2024-01-01 08:43:00,22.519521432017164,88.37046688822518,55,38,4.137993885625564,8,1,2,8.632620286451793,46.5,15.276858771369811
8,3,2024-01-01 08:44:00,22.52000317055393,88.37055203487911,37,38,4.137993885625564,8,1,2,8.578383915151457,37.5,17.863408149867894
8,3,2024-01-01 08:45:00,22.520515555022147,88.37033954516224,53,38,4.137993885625564,8,1,2,8.524578104372077,45.5,15.379195781500831
8,3,2024-01-01 08:46:00,22.52009894192359,88.37118816429634,34,38,4.137993885625564,8,1,2,8.560006903620483,36.0,18.40467205832637
8,3,2024-01-01 08:47:00,22.519677429729228,88.37092687255652,24,38,4.137993885625564,8,1,2,8.609694633808566,31.0,20.80191898331956
8,3,2024-01-01 08:48:00,22.51938702430854,88.37072683859311,51,38,4.137993885625564,8,1,2,8.644204353587657,44.5,15.7931008792269
8,3,2024-01-01 08:49:00,22.52011816674873,88.37088127073913,46,38,4.137993885625564,8,1,2,8.5615904602638,42.0,16.368837400288136
8,3,2024-01-01 08:50:00,22.519151487691214,88.37055916028983,58,38,4.137993885625564,8,1,2,8.67228501113063,48.0,14.978350149538851
8,3,2024-01-01 08:51:00,22.518990157052052,88.37096135546456,42,38,4.137993885625564,8,1,2,8.685170580565279,40.0,17.16574975647348
8,3,2024-01-01 08:52:00,22.519160750708725,88.37047418151995,28,38,4.137993885625564,8,1,2,8.672329377967577,33.0,19.90586548193025
8,3,2024-01-01 08:53:00,22.518422867970333,88.37106897023577,43,38,4.137993885625564,8,1,2,8.746547326526155,40.5,17.095841776775423
8,3,2024-01-01 08:54:00,22.51892352952197,88.37069040089239,50,38,4.137993885625564,8,1,2,8.695819432092323,44.0,15.995929474842368
8,3,2024-01-01 08:55:00,22.51963720022142,88.37062415709063,53,38,4.137993885625564,8,1,2,8.617865195895686,45.5,15.502211726367127
8,3,2024-01-01 08:56:00,22.51980134048367,88.37121976645331,45,38,4.137993885625564,8,1,2,8.592503410306788,41.5,16.560890382454655
8,3,2024-01-01 08:57:00,22.519688467174667,88.3720975204036,34,38,4.137993885625564,8,1,2,8.595090268619796,36.0,18.463144333325225
8,3,2024-01-01 08:58:00,22.51946056904597,88.37303093268363,49,38,4.137993885625564,8,1,2,8.61083917018937,43.5,16.01501343071435
8,3,2024-01-01 08:59:00,22.519838811226965,88.37375821478847,41,38,4.137993885625564,8,1,2,8.562298313344458,39.5,17.14401664007284
8,3,2024-01-01 09:00:00,22.51993824573729,88.37359254334642,31,26,2.569297861044923,9,1,2,8.5527451695715,28.5,20.575077165405975
8,3,2024-01-01 09:01:00,22.520686273079907,88.37303396851831,50,26,2.569297861044923,9,1,2,8.475119018847138,38.0,15.951064732908826
8,3,2024-01-01 09:02:00,22.51979549368633,88.37397765912097,39,26,2.569297861044923,9,1,2,8.565214328213365,32.5,18.382001236208055
8,3,2024-01-01 09:03:00,22.51959888747185,88.37398315950419,56,26,2.569297861044923,9,1,2,8.58695573377743,41.0,15.13557454462165
8,3,2024-01-01 09:04:00,22.52031460303889,88.37359296575296,56,26,2.569297861044923,9,1,2,8.511051768589246,41.0,15.024495571175526
8,3,2024-01-01 09:05:00,22.519665947238803,88.37361934553638,37,26,2.569297861044923,9,1,2,8.582670810125112,31.5,18.917242261283235
8,3,2024-01-01 09:06:00,22.520226043412883,88.37356259826677,39,26,2.569297861044923,9,1,2,8.521134403143343,32.5,18.300622913001863
8,3,2024-01-01 09:07:00,22.519245130119018,88.37271320113398,26,26,2.569297861044923,9,1,2,8.637782166957825,26.0,22.50264132325529
8,3,2024-01-01 09:08:00,22.51988621941451,88.37172748529751,53,26,2.569297861044923,9,1,2,8.577283797317214,39.5,15.598083375957149
8,3,2024-01-01 09:09:00,22.51985668032604,88.37108581313409,51,26,2.569297861044923,9,1,2,8.587984105119467,38.5,15.953169193698638
8,3,2024-01-01 09:10:00,22.519757152899384,88.37059531054877,24,26,2.569297861044923,9,1,2,8.604987977769813,25.0,23.221269007692474
8,3,2024-01-01 09:11:00,22.520724576065803,88.36969566124941,46,26,2.569297861044923,9,1,2,8.510161529047329,36.0,16.75290040945714
8,3,2024-01-01 09:12:00,22.51997387092379,88.37061849033026,27,26,2.569297861044923,9,1,2,8.580779715139185,26.5,21.997478348152512
8,3,2024-01-01 09:13:00,22.51934247371769,88.3696972140899,33,26,2.569297861044923,9,1,2,8.662452865007051,29.5,20.187846061059265
8,3,2024-01-01 09:14:00,22.518436590476608,88.36873611019064,28,26,2.569297861044923,9,1,2,8.775743675132249,27.0,22.07095047244992
8,3,2024-01-01 09:15:00,22.518265407272043,88.36960776245745,50,26,2.569297861044923,9,1,2,8.78238428096208,38.0,16.436220409932417
8,3,2024-01-01 09:16:00,22.51883241027722,88.36862878890653,38,26,2.569297861044923,9,1,2,8.733751579172685,32.0,18.945082071993706
8,3,2024-01-01 09:17:00,22.51905142205923,88.3687656528152,33,26,2.569297861044923,9,1,2,8.707639176597635,29.5,20.27975042361638
8,3,2024-01-01 09:18:00,22.519005388844462,88.36854407005245,55,26,2.569297861044923,9,1,2,8.715972821756749,40.5,15.48185018957344
8,3,2024-01-01 09:19:00,22.519823119657104,88.3691144498213,25,26,2.569297861044923,9,1,2,8.617635556813207,25.5,22.846087406487765
9,4,2024-01-01 06:00:00,22.549664747307965,88.39455508304232,35,44,6.971515921972502,6,2,3,4.829428387460442,39.5,14.307356510520009
9,4,2024-01-01 06:01:00,22.549759356796194,88.39533596493833,39,44,6.971515921972502,6,2,3,4.9065318391485,41.5,14.065296894235393
9,4,2024-01-01 06:02:00,22.54904498540514,88.39549562409042,24,44,6.971515921972502,6,2,3,4.888588685561948,34.0,15.598437131787705
9,4,2024-01-01 06:03:00,22.54994927323929,88.39614291527992,25,44,6.971515921972502,6,2,3,4.99061199589849,34.5,15.650841132230747
9,4,2024-01-01 06:04:00,22.550946859110923,88.3952528478936,52,44,6.971515921972502,6,2,3,4.955933029041494,48.0,13.166432208274369
9,4,2024-01-01 06:05:00,22.55073139319397,88.39514795160382,40,44,6.971515921972502,6,2,3,4.935679434247855,42.0,14.02248654232658
9,4,2024-01-01 06:06:00,22.55061051907752,88.39516887186652,44,44,6.971515921972502,6,2,3,4.931704141679787,44.0,13.696567024263121
9,4,2024-01-01 06:07:00,22.550243433339265,88.39434280590703,39,44,6.971515921972502,6,2,3,4.837564654420365,41.5,13.965585301857367
9,4,2024-01-01 06:08:00,22.550187886190777,88.39476857064572,40,44,6.971515921972502,6,2,3,4.874220838573426,42.0,13.934688548505967
9,4,2024-01-01 06:09:00,22.54985764277105,88.39491027851828,25,44,6.971515921972502,6,2,3,4.871566813572714,34.5,15.443806032533743
9,4,2024-01-01 06:10:00,22.550446007461687,88.39516071076835,42,44,6.971515921972502,6,2,3,4.922961660906585,43.0,13.840764751144482
9,4,2024-01-01 06:11:00,22.551342746567265,88.39434336223702,38,44,6.971515921972502,6,2,3,4.892421883361886,41.0,14.131157702502092
9,4,2024-01-01 06:12:00,22.551919148427,88.39339144471175,39,44,6.971515921972502,6,2,3,4.835986877581424,41.5,13.96330417871673
9,4,2024-01-01 06:13:00,22.551819035775534,88.3937772625338,21,44,6.971515921972502,6,2,3,4.865585901724772,32.5,15.954136048233618
9,4,2024-01-01 06:14:00,22.55124532001416,88.3945116172427,36,44,6.971515921972502,6,2,3,4.902844811797136,40.0,14.325783139668207
9,4,2024-01-01 06:15:00,22.55131196710988,88.39432290776159,26,44,6.971515921972502,6,2,3,4.888986763685185,35.0,15.352636088289962
9,4,2024-01-01 06:16:00,22.55226688023625,88.39502954213492,23,44,6.971515921972502,6,2,3,5.002496251057773,33.5,15.931210699986424
9,4,2024-01-01 06:17:00,22.55295690471056,88.39414764242383,31,44,6.971515921972502,6,2,3,4.959694486575745,37.5,14.907027100493695
9,4,2024-01-01 06:18:00,22.55304447885134,88.39453758269008,23,44,6.971515921972502,6,2,3,4.9994065627488675,33.5,15.92567692988092
9,4,2024-01-01 06:19:00,22.552225597786546,88.39487358919156,37,44,6.971515921972502,6,2,3,4.9861992127512185,40.5,14.358477718640973
9,4,2024-01-01 06:20:00,22.551967545211728,88.39541789324679,37,44,6.971515921972502,6,2,3,5.022350166520416,40.5,14.412034687187933
9,4,2024-01-01 06:21:00,22.55099486858267,88.39620934595781,54,44,6.971515921972502,6,2,3,5.046483589639686,49.0,13.15088358275579
9,4,2024-01-01 06:22:00,22.550858482772885,88.39677290560967,51,44,6.971515921972502,6,2,3,5.092074537574899,47.5,13.40361007469869
9,4,2024-01-01 06:23:00,22.550530169746963,88.39680063866109,43,44,6.971515921972502,6,2,3,5.079071458175437,43.5,13.977131726352415
9,4,2024-01-01 06:24:00,22.55021430861628,88.39742059614846,46,44,6.971515921972502,6,2,3,5.122196830541904,45.0,13.801111696028375
9,4,2024-01-01 06:25:00,22.54958931753052,88.39792179306195,20,44,6.971515921972502,6,2,3,5.141041507179896,32.0,16.610968747934805
9,4,2024-01-01 06:26:00,22.549111016022444,88.39693996713186,29,44,6.971515921972502,6,2,3,5.027381443478681,36.5,15.235704596184034
9,4,2024-01-01 06:27:00,22.549133203665388,88.39683100276085,58,44,6.971515921972502,6,2,3,5.018092460480169,51.0,12.875154110772701
9,4,2024-01-01 06:28:00,22.549275602033315,88.39755786591643,51,44,6.971515921972502,6,2,3,5.092896842797683,47.5,13.404648776032733
9,4,2024-01-01 06:29:00,22.55002064193697,88.39704616103744,58,44,6.971515921972502,6,2,3,5.0782838098968375,51.0,12.945967463027605
9,4,2024-01-01 06:30:00,22.55018685345153,88.39748218939368,27,44,6.971515921972502,6,2,3,5.126697866092087,35.5,15.636357385790113
9,4,2024-01-01 06:31:00,22.549964390277257,88.3967450141594,26,44,6.971515921972502,6,2,3,5.047537218886866,35.0,15.624436868635701
9,4,2024-01-01 06:32:00,22.55069851064201,88.3962330047641,28,44,6.971515921972502,6,2,3,5.03437326819382,36.0,15.362138035628867
9,4,2024-01-01 06:33:00,22.55079921319969,88.39626091565748,54,44,6.971515921972502,6,2,3,5.041795286780367,49.0,13.145142803744381
9,4,2024-01-01 06:34:00,22.55159032468144,88.39719416009927,49,44,6.971515921972502,6,2,3,5.166400649602257,46.5,13.637839340814123
9,4,2024-01-01 06:35:00,22.55236834906166,88.39651542732452,44,44,6.971515921972502,6,2,3,5.142937190283971,44.0,13.984612090541553
9,4,2024-01-01 06:36:00,22.552743887474392,88.39606237635526,33,44,6.971515921972502,6,2,3,5.121048958508253,38.5,14.952371441725624
9,4,2024-01-01 06:37:00,22.55220452592376,88.39527519988107,39,44,6.971515921972502,6,2,3,5.021561358325802,41.5,14.231604632804988
9,4,2024-01-01 06:38:00,22.55197710133405,88.39498214626519,34,44,6.971515921972502,6,2,3,4.983160551747152,39.0,14.637916770814273
9,4,2024-01-01 06:39:00,22.55195914085939,88.39462361342981,50,44,6.971515921972502,6,2,3,4.949644939289341,47.0,13.290211589150385
9,4,2024-01-01 06:40:00,22.55248685385979,88.39465177727135,57,44,6.971515921972502,6,2,3,4.979855205915794,50.5,12.888175572565526
9,4,2024-01-01 06:41:00,22.552376279413508,88.39480486725125,21,44,6.971515921972502,6,2,3,4.98786550174702,32.5,16.179883002120846
9,4,2024-01-01 06:42:00,22.55185948196638,88.39516743147232,36,44,6.971515921972502,6,2,3,4.993985631891205,40.0,14.46249436980931
9,4,2024-01-01 06:43:00,22.552559374958268,88.39492921219757,50,44,6.971515921972502,6,2,3,5.00875468686901,47.0,13.36567084137975
9,4,2024-01-01 06:44:00,22.552913119509924,88.39405740161963,58,44,6.971515921972502,6,2,3,4.949230070560064,51.0,12.794139534396106
9,4,2024-01-01 06:45:00,22.553886094313068,88.39361393694126,57,44,6.971515921972502,6,2,3,4.963696411862577,50.5,12.868977005373583
9,4,2024-01-01 06:46:00,22.554569338328157,88.39267464455233,53,44,6.971515921972502,6,2,3,4.920637136057495,48.5,13.058902069672495
9,4,2024-01-01 06:47:00,22.55448999642944,88.3921098204322,56,44,6.971515921972502,6,2,3,4.8667935140931355,50.0,12.811668138884265
9,4,2024-01-01 06:48:00,22.554844286362783,88.39134786304118,41,44,6.971515921972502,6,2,3,4.822140932957995,42.5,13.779244297913202
9,4,2024-01-01 06:49:00,22.554811386064365,88.39078804317327,31,44,6.971515921972502,6,2,3,4.772057421517369,37.5,14.606807796400293
9,4,2024-01-01 06:50:00,22.55490098823492,88.3900393301581,32,44,6.971515921972502,6,2,3,4.713642604834035,38.0,14.414109508552558
9,4,2024-01-01 06:51:00,22.55533171646537,88.38958161466486,58,44,6.971515921972502,6,2,3,4.701960355278346,51.0,12.50323398700585
9,4,2024-01-01 06:52:00,22.55515400513833,88.38998967757004,38,44,6.971515921972502,6,2,3,4.72523587823641,41.0,13.886495255977005
9,4,2024-01-01 06:53:00,22.55517227596418,88.3892683165348,46,44,6.971515921972502,6,2,3,4.665427913645482,45.0,13.192086473499812
9,4,2024-01-01 06:54:00,22.55612518902305,88.39017764924856,57,44,6.971515921972502,6,2,3,4.802745038633711,50.5,12.677747651042257
9,4,2024-01-01 06:55:00,22.55601398025995,88.38978421512736,22,44,6.971515921972502,6,2,3,4.762641191689279,33.0,15.630863543225738
9,4,2024-01-01 06:56:00,22.55554756935882,88.38979606672765,54,44,6.971515921972502,6,2,3,4.733751917443392,49.0,12.767946841290941
9,4,2024-01-01 06:57:00,22.554730544395596,88.39028927313694,59,44,6.971515921972502,6,2,3,4.7244010646206025,51.5,12.47567250211301
9,4,2024-01-01 06:58:00,22.55444989551804,88.39066374182387,32,44,6.971515921972502,6,2,3,4.739339873445129,38.0,14.454684143201654
9,4,2024-01-01 06:59:00,22.55391470361047,88.39093500582115,59,44,6.971515921972502,6,2,3,4.73062739060439,51.5,12.482926474132956
9,4,2024-01-01 07:00:00,22.55293435871561,88.39075337099607,21,48,3.555288772637191,7,2,3,4.657323736248603,34.5,11.654982226982588
9,4,2024-01-01 07:01:00,22.55332111379265,88.39128586194158,47,48,3.555288772637191,7,2,3,4.7263964890986045,47.5,9.525473811498586
9,4,2024-01-01 07:02:00,22.552908947313657,88.39117851466156,22,48,3.555288772637191,7,2,3,4.693228129870708,35.0,11.600822709558406
9,4,2024-01-01 07:03:00,22.553728434687084,88.39188209533889,43,48,3.555288772637191,7,2,3,4.8022597103476485,45.5,9.887938940128596
9,4,2024-01-01 07:04:00,22.55317875673552,88.39220673116597,32,48,3.555288772637191,7,2,3,4.79927709294584,40.0,10.754204412055952
9,4,2024-01-01 07:05:00,22.55324171522808,88.39212265759495,31,48,3.555288772637191,7,2,3,4.795429706810603,39.5,10.83948579564064
9,4,2024-01-01 07:06:00,22.55310413619781,88.39226125346322,59,48,3.555288772637191,7,2,3,4.799874427750628,53.5,8.938325514039764
9,4,2024-01-01 07:07:00,22.5530530060261,88.39192880665736,54,48,3.555288772637191,7,2,3,4.767596143387615,51.0,9.164225411916739
9,4,2024-01-01 07:08:00,22.55349743822345,88.39127712004215,30,48,3.555288772637191,7,2,3,4.735876347386105,39.0,10.841252384000429
9,4,2024-01-01 07:09:00,22.5537608830601,88.39131461573638,29,48,3.555288772637191,7,2,3,4.754563596787925,38.5,10.964998274124866
9,4,2024-01-01 07:10:00,22.55281504532744,88.39121315205331,27,48,3.555288772637191,7,2,3,4.690913261214573,37.5,11.060749990580508
9,4,2024-01-01 07:11:00,22.55367434454284,88.39046237882467,21,48,3.555288772637191,7,2,3,4.675323364092526,34.5,11.686285927580714
9,4,2024-01-01 07:12:00,22.553319964129734,88.38997859411101,39,48,3.555288772637191,7,2,3,4.612273133457759,43.5,9.917044818785824
9,4,2024-01-01 07:13:00,22.553427923104177,88.38957450397365,44,48,3.555288772637191,7,2,3,4.583707776174147,46.0,9.534038045907817
9,4,2024-01-01 07:14:00,22.55275503069324,88.38918275167258,30,48,3.555288772637191,7,2,3,4.509641761953377,39.0,10.493199175642387
9,4,2024-01-01 07:15:00,22.55235863080496,88.3899822378294,25,48,3.555288772637191,7,2,3,4.556422080141523,36.5,11.045297671499968
9,4,2024-01-01 07:16:00,22.5515865625792,88.39027005374354,39,48,3.555288772637191,7,2,3,4.538210804512335,43.5,9.814889882309378
9,4,2024-01-01 07:17:00,22.55158565924961,88.39079960622779,48,48,3.555288772637191,7,2,3,4.585333746875153,48.0,9.286955956231132
9,4,2024-01-01 07:18:00,22.551502386208465,88.39085702086756,52,48,3.555288772637191,7,2,3,4.585887140212434,50.0,9.058353340892113
9,4,2024-01-01 07:19:00,22.552149878984363,88.39002755755078,58,48,3.555288772637191,7,2,3,4.54846094108429,53.0,8.704489838015633
9,4,2024-01-01 07:20:00,22.552019908173044,88.38961286774611,56,48,3.555288772637191,7,2,3,4.504499424565724,52.0,8.752788108674565
9,4,2024-01-01 07:21:00,22.551550134673874,88.38947688886397,29,48,3.555288772637191,7,2,3,4.465805889555156,38.5,10.51498626285302
9,4,2024-01-01 07:22:00,22.550990789460748,88.38868332216173,37,48,3.555288772637191,7,2,3,4.364042119284362,42.5,9.71628941162688
9,4,2024-01-01 07:23:00,22.550281820426324,88.38943757728552,57,48,3.555288772637191,7,2,3,4.392405989376447,52.5,8.575181331924558
9,4,2024-01-01 07:24:00,22.55061569126144,88.38897186542526,49,48,3.555288772637191,7,2,3,4.3688579301458494,48.5,8.96006146972484
9,4,2024-01-01 07:25:00,22.550914803274956,88.38970786460905,24,48,3.555288772637191,7,2,3,4.4510042972397175,36.0,10.97362926803672
9,4,2024-01-01 07:26:00,22.551166912692917,88.38885842204236,39,48,3.555288772637191,7,2,3,4.3894582387147825,43.5,9.609713929485167
9,4,2024-01-01 07:27:00,22.55060663660565,88.38874810076105,46,48,3.555288772637191,7,2,3,4.348403325372026,47.0,9.10644195396318
9,4,2024-01-01 07:28:00,22.550380029505625,88.38939038561048,57,48,3.555288772637191,7,2,3,4.393462439388641,52.5,8.576388703367066
9,4,2024-01-01 07:29:00,22.55028788177847,88.38940438485076,34,48,3.555288772637191,7,2,3,4.389749168483475,41.0,9.979311946027643
9,4,2024-01-01 07:30:00,22.550759722591216,88.38895458261388,38,48,3.555288772637191,7,2,3,4.375264948588359,43.0,9.660309631132575
9,4,2024-01-01 07:31:00,22.551755067117742,88.38848168557287,58,48,3.555288772637191,7,2,3,4.389876746752601,53.0,8.524960561413721
9,4,2024-01-01 07:32:00,22.552616411628872,88.38753097438214,48,48,3.555288772637191,7,2,3,4.358506603130667,48.0,9.003422026550526
9,4,2024-01-01 07:33:00,22.553067064410342,88.38820373153696,30,48,3.555288772637191,7,2,3,4.44375342887637,39.0,10.391832509370069
9,4,2024-01-01 07:34:00,22.55276262921644,88.38724702265965,50,48,3.555288772637191,7,2,3,4.343090986870929,49.0,8.873359368805676
9,4,2024-01-01 07:35:00,22.553406307861945,88.38753964252696,55,48,3.555288772637191,7,2,3,4.4079027455532644,51.5,8.69070944706818
9,4,2024-01-01 07:36:00,22.55343476188448,88.38761802468599,20,48,3.555288772637191,7,2,3,4.416341760392894,34.0,11.348833055683473
9,4,2024-01-01 07:37:00,22.55439972704568,88.38844166182507,47,48,3.555288772637191,7,2,3,4.546714897710769,47.5,9.298507590798163
9,4,2024-01-01 07:38:00,22.55457645842412,88.3878669903981,57,48,3.555288772637191,7,2,3,4.509580293163359,52.5,8.709094821966744
9,4,2024-01-01 07:39:00,22.55522923904732,88.38826998860102,21,48,3.555288772637191,7,2,3,4.585399828079533,34.5,11.529897169297248
9,4,2024-01-01 07:40:00,22.554339442117637,88.38812377805667,29,48,3.555288772637191,7,2,3,4.516059278526454,38.5,10.593303232678418
9,4,2024-01-01 07:41:00,22.55519655318342,88.38840595026383,57,48,3.555288772637191,7,2,3,4.59463376144825,52.5,8.806298785720905
9,4,2024-01-01 07:42:00,22.554992473876183,88.38926890824902,31,48,3.555288772637191,7,2,3,4.654071993391115,39.5,10.62476521829458
9,4,2024-01-01 07:43:00,22.555820226456827,88.39023099797353,25,48,3.555288772637191,7,2,3,4.7877283131066255,36.5,11.42552709555219
9,4,2024-01-01 07:44:00,22.5555307944053,88.39059602143377,24,48,3.555288772637191,7,2,3,4.800282702161105,36.0,11.5557599429057
9,4,2024-01-01 07:45:00,22.55596143902636,88.39013230789298,45,48,3.555288772637191,7,2,3,4.788442013845955,46.5,9.733923629212617
9,4,2024-01-01 07:46:00,22.5556475424914,88.3904661798634,27,48,3.555288772637191,7,2,3,4.796632473294598,37.5,11.229900729908547
9,4,2024-01-01 07:47:00,22.554727136746067,88.39066154453444,35,48,3.555288772637191,7,2,3,4.756055509345348,41.5,10.431513605425646
9,4,2024-01-01 07:48:00,22.555672724149375,88.39162767393367,50,48,3.555288772637191,7,2,3,4.896879791016807,49.0,9.551468108576138
9,4,2024-01-01 07:49:00,22.556411428751364,88.39210132684518,40,48,3.555288772637191,7,2,3,4.983160546067349,44.0,10.350507699092667
9,4,2024-01-01 07:50:00,22.55590073886057,88.39194392860844,45,48,3.555288772637191,7,2,3,4.937971930687552,46.5,9.926865457395323
9,4,2024-01-01 07:51:00,22.556654979795898,88.39143028856897,44,48,3.555288772637191,7,2,3,4.941844655704724,46.0,10.001173106165092
9,4,2024-01-01 07:52:00,22.55603996609717,88.39063404609725,26,48,3.555288772637191,7,2,3,4.835653461159447,37.0,11.396888979922782
9,4,2024-01-01 07:53:00,22.556560035900777,88.38973157873487,40,48,3.555288772637191,7,2,3,4.793737747258058,44.0,10.092203882534543
9,4,2024-01-01 07:54:00,22.55682379621927,88.38978567904785,50,48,3.555288772637191,7,2,3,4.815540693542824,49.0,9.451869213710037
9,4,2024-01-01 07:55:00,22.556006502704715,88.39029897214655,28,48,3.555288772637191,7,2,3,4.805325099949543,38.0,11.142644193610153
9,4,2024-01-01 07:56:00,22.556461407487287,88.39103820506202,48,48,3.555288772637191,7,2,3,4.896518887581377,48.0,9.675937382113911
9,4,2024-01-01 07:57:00,22.555575412262392,88.39121380196076,56,48,3.555288772637191,7,2,3,4.855564709556646,52.0,9.157863437510244
9,4,2024-01-01 07:58:00,22.554825152416203,88.39126469221348,59,48,3.555288772637191,7,2,3,4.813823991683097,53.5,8.953969884805149
9,4,2024-01-01 07:59:00,22.55423085889366,88.39226132972662,57,48,3.555288772637191,7,2,3,4.864722082016321,52.5,9.114971152084415
9,4,2024-01-01 08:00:00,22.553798975671743,88.39325087963577,28,33,5.938604104299275,8,2,3,4.926682212669608,30.5,15.630437965288667
9,4,2024-01-01 08:01:00,22.552852192403897,88.39372133667197,32,33,5.938604104299275,8,2,3,4.915817956086069,32.5,15.01396033091971
9,4,2024-01-01 08:02:00,22.55301370440201,88.39420470492996,47,33,5.938604104299275,8,2,3,4.967892968513825,40.0,13.39044355707001
9,4,2024-01-01 08:03:00,22.55379993188465,88.39458353919771,24,33,5.938604104299275,8,2,3,5.04488786870791,28.5,16.559420670000137
9,4,2024-01-01 08:04:00,22.55418765820841,88.39419516622029,46,33,5.938604104299275,8,2,3,5.032141437456642,39.5,13.582363249803034
9,4,2024-01-01 08:05:00,22.55490485842237,88.39512063138801,28,33,5.938604104299275,8,2,3,5.1545653234403686,30.5,16.078732609427867
9,4,2024-01-01 08:06:00,22.55493052914724,88.3948072333264,29,33,5.938604104299275,8,2,3,5.12841417091186,31.0,15.864567015741583
9,4,2024-01-01 08:07:00,22.555135041752,88.39445188297535,22,33,5.938604104299275,8,2,3,5.1089909995691825,27.5,17.085493557904762
9,4,2024-01-01 08:08:00,22.554276624624016,88.39477265948014,21,33,5.938604104299275,8,2,3,5.088282098349489,27.0,17.245897656187026
9,4,2024-01-01 08:09:00,22.553389052434937,88.39526770075364,21,33,5.938604104299275,8,2,3,5.083553698597926,27.0,17.235390101183555
9,4,2024-01-01 08:10:00,22.55428966646241,88.39486757773324,58,33,5.938604104299275,8,2,3,5.097429582316459,45.5,12.660489267793507
9,4,2024-01-01 08:11:00,22.553917990590083,88.3957835198662,20,33,5.938604104299275,8,2,3,5.158491036321643,26.5,17.6182064506879
9,4,2024-01-01 08:12:00,22.55333782668158,88.3963613739141,49,33,5.938604104299275,8,2,3,5.179292382535084,41.0,13.518056371423787
9,4,2024-01-01 08:13:00,22.552773284480946,88.39660382697507,30,33,5.938604104299275,8,2,3,5.171760510740687,31.5,15.789576505710107
9,4,2024-01-01 08:14:00,22.552740433652357,88.39563312122961,45,33,5.938604104299275,8,2,3,5.081960879640114,39.0,13.75700545759176
9,4,2024-01-01 08:15:00,22.55325838731606,88.39563436029428,29,33,5.938604104299275,8,2,3,5.109498445776482,31.0,15.827955934834401
9,4,2024-01-01 08:16:00,22.55267459938525,88.3961418006474,35,33,5.938604104299275,8,2,3,5.12465870708149,34.0,14.982119469737198
9,4,2024-01-01 08:17:00,22.551988120242555,88.39650865947772,34,33,5.938604104299275,8,2,3,5.123083689904953,33.5,15.114276384726056
9,4,2024-01-01 08:18:00,22.55265350773525,88.39649547287854,30,33,5.938604104299275,8,2,3,5.155725804416347,31.5,15.75903420794946
9,4,2024-01-01 08:19:00,22.55254945104802,88.3963064162312,23,33,5.938604104299275,8,2,3,5.133160288285846,28.0,16.93823329348323
9,4,2024-01-01 08:20:00,22.551554097860283,88.39727427811148,29,33,5.938604104299275,8,2,3,5.17202687792342,31.0,15.9489787067317
9,4,2024-01-01 08:21:00,22.552220166388164,88.3971898879766,42,33,5.938604104299275,8,2,3,5.197159034555553,37.5,14.25405855958816
9,4,2024-01-01 08:22:00,22.551751537517895,88.39798151943971,31,33,5.938604104299275,8,2,3,5.246946646509458,32.0,15.776629066504508
9,4,2024-01-01 08:23:00,22.55264613751674,88.39739276241511,56,33,5.938604104299275,8,2,3,5.237189982515733,44.5,12.99998385600588
9,4,2024-01-01 08:24:00,22.552092310185795,88.39748409974504,26,33,5.938604104299275,8,2,3,5.2178025486173345,29.5,16.551083864198937
9,4,2024-01-01 08:25:00,22.55147276604744,88.39752587131045,55,33,5.938604104299275,8,2,3,5.191326937310721,44.0,13.017686291541168
9,4,2024-01-01 08:26:00,22.551080236139885,88.39671190612897,54,33,5.938604104299275,8,2,3,5.097076794534813,43.5,12.969054855381776
9,4,2024-01-01 08:27:00,22.55110980460975,88.39673842713812,44,33,5.938604104299275,8,2,3,5.100958065389763,38.5,13.888149141270334
9,4,2024-01-01 08:28:00,22.550392571718184,88.39599906800446,24,33,5.938604104299275,8,2,3,4.998070808461195,28.5,16.46085843790179
9,4,2024-01-01 08:29:00,22.5495877917944,88.39533276516087,56,33,5.938604104299275,8,2,3,4.898229965898952,44.5,12.542959114500109
9,4,2024-01-01 08:30:00,22.5490614907356,88.39466263321458,55,33,5.938604104299275,8,2,3,4.811313024716518,44.0,12.499485501639981
9,4,2024-01-01 08:31:00,22.54937313227025,88.39473718456192,35,33,5.938604104299275,8,2,3,4.8326911347260415,34.0,14.466882577345231
9,4,2024-01-01 08:32:00,22.548809738493876,88.39384657091107,40,33,5.938604104299275,8,2,3,4.723440155981431,36.5,13.703163264816695
9,4,2024-01-01 08:33:00,22.54801527497917,88.39319096586992,58,33,5.938604104299275,8,2,3,4.625814078366253,45.5,12.038578713133894
9,4,2024-01-01 08:34:00,22.548797222748554,88.39332996038695,36,33,5.938604104299275,8,2,3,4.674642345987937,34.5,14.06841687993047
9,4,2024-01-01 08:35:00,22.548646789431604,88.39301345807161,28,33,5.938604104299275,8,2,3,4.638121252206533,30.5,15.062777059459668
9,4,2024-01-01 08:36:00,22.549030344709887,88.393362045219,21,33,5.938604104299275,8,2,3,4.688551256959355,27.0,16.357606897542283
9,4,2024-01-01 08:37:00,22.550001546177796,88.39373540244246,52,33,5.938604104299275,8,2,3,4.769711126527127,42.5,12.672313929984629
9,4,2024-01-01 08:38:00,22.549551595722768,88.39318262768205,39,33,5.938604104299275,8,2,3,4.6967888115615875,36.0,13.766585456901922
9,4,2024-01-01 08:39:00,22.5501858099211,88.3930793206231,56,33,5.938604104299275,8,2,3,4.718406776138232,44.5,12.300500881114868
9,4,2024-01-01 08:40:00,22.55004609538529,88.39295485073308,48,33,5.938604104299275,8,2,3,4.700026351404336,40.5,12.901606106379774
9,4,2024-01-01 08:41:00,22.550192959036007,88.39215154057625,54,33,5.938604104299275,8,2,3,4.633784592865637,43.5,12.330031128941533
9,4,2024-01-01 08:42:00,22.551074460754474,88.391501103146,51,33,5.938604104299275,8,2,3,4.620578942640764,42.0,12.539431165214651
9,4,2024-01-01 08:43:00,22.551322687594567,88.39144925567422,28,33,5.938604104299275,8,2,3,4.629199531108459,30.5,15.04522613270936
9,4,2024-01-01 08:44:00,22.550858682128336,88.39227367214778,37,33,5.938604104299275,8,2,3,4.679111693241572,35.0,13.959938435570542
9,4,2024-01-01 08:45:00,22.550557727730677,88.39190511440732,33,33,5.938604104299275,8,2,3,4.6300213578236535,33.0,14.356824754887736
9,4,2024-01-01 08:46:00,22.550918849062956,88.39150422704655,48,33,5.938604104299275,8,2,3,4.6126002476861405,40.5,12.772085952723188
9,4,2024-01-01 08:47:00,22.550388911660576,88.39180878927219,58,33,5.938604104299275,8,2,3,4.612544398512882,45.5,12.021080234206373
9,4,2024-01-01 08:48:00,22.549422737260414,88.39262791812695,57,33,5.938604104299275,8,2,3,4.639278263899095,45.0,12.124308456164734
9,4,2024-01-01 08:49:00,22.55006209126598,88.3936266187279,39,33,5.938604104299275,8,2,3,4.762640195944262,36.0,13.876337764206378
9,4,2024-01-01 08:50:00,22.549215682634557,88.39345403079172,57,33,5.938604104299275,8,2,3,4.705858170870272,45.0,12.213081665459637
9,4,2024-01-01 08:51:00,22.550146579903757,88.39428565948809,52,33,5.938604104299275,8,2,3,4.827575020972952,42.5,12.754004133908149
9,4,2024-01-01 08:52:00,22.55073680046881,88.39355715119429,53,33,5.938604104299275,8,2,3,4.789836260439136,43.0,12.622096560725975
9,4,2024-01-01 08:53:00,22.550425416535447,88.39268067596687,50,33,5.938604104299275,8,2,3,4.693931303938326,41.5,12.72501080878842
9,4,2024-01-01 08:54:00,22.55002426278505,88.39188098596189,52,33,5.938604104299275,8,2,3,4.60050371334455,42.5,12.433432876079817
9,4,2024-01-01 08:55:00,22.550587720763065,88.39128849693358,31,33,5.938604104299275,8,2,3,4.575644459210994,32.0,14.51793746531989
9,4,2024-01-01 08:56:00,22.5497727778718,88.39108736149164,49,33,5.938604104299275,8,2,3,4.515229318834524,41.0,12.546256766008334
9,4,2024-01-01 08:57:00,22.55003214506232,88.39091968338445,22,33,5.938604104299275,8,2,3,4.513254685682383,27.5,15.7857052366972
9,4,2024-01-01 08:58:00,22.55084434691968,88.39019515158223,32,33,5.938604104299275,8,2,3,4.490784875898224,32.5,14.229283875188303
9,4,2024-01-01 08:59:00,22.55040730152458,88.38933528897367,42,33,5.938604104299275,8,2,3,4.3899949826991325,37.5,12.962596076617887
9,4,2024-01-01 09:00:00,22.55056883869181,88.39019281581608,50,41,5.035817286876226,9,2,3,4.475735008016905,45.5,10.9378854293161
9,4,2024-01-01 09:01:00,22.550180628318333,88.39015908510721,37,41,5.035817286876226,9,2,3,4.452048419880414,39.0,11.88512254823071
9,4,2024-01-01 09:02:00,22.550644373792903,88.38950701251902,29,41,5.035817286876226,9,2,3,4.418260873099712,35.0,12.609978783618589
9,4,2024-01-01 09:03:00,22.551150068743087,88.38950708035016,44,41,5.035817286876226,9,2,3,4.4460888730694474,42.5,11.312648637091916
9,4,2024-01-01 09:04:00,22.551314543640693,88.38910682888705,25,41,5.035817286876226,9,2,3,4.419768276425019,33.0,13.071759607648987
9,4,2024-01-01 09:05:00,22.551263610765936,88.38973894240128,22,41,5.035817286876226,9,2,3,4.473022639465515,31.5,13.555860409667682
9,4,2024-01-01 09:06:00,22.55185639221117,88.38992977200452,25,41,5.035817286876226,9,2,3,4.523164198014074,33.0,13.259752192356359
9,4,2024-01-01 09:07:00,22.55167827731588,88.39013838084416,31,41,5.035817286876226,9,2,3,4.531628458358285,36.0,12.588531384140033
9,4,2024-01-01 09:08:00,22.55249871062581,88.38944721235924,58,41,5.035817286876226,9,2,3,4.517635320616813,49.5,10.511738887623878
9,4,2024-01-01 09:09:00,22.551685829439634,88.38848055546045,55,41,5.035817286876226,9,2,3,4.385769233338325,48.0,10.518028828549133
9,4,2024-01-01 09:10:00,22.55124011814338,88.38837990941481,41,41,5.035817286876226,9,2,3,4.35132548089141,41.0,11.40361067354658
9,4,2024-01-01 09:11:00,22.551252207528204,88.3877049315454,49,41,5.035817286876226,9,2,3,4.292661677743691,45.0,10.75936619053448
9,4,2024-01-01 09:12:00,22.550636900254517,88.38813967709352,28,41,5.035817286876226,9,2,3,4.295987932249863,34.5,12.507100647310772
9,4,2024-01-01 09:13:00,22.550450447751658,88.38866439952093,38,41,5.035817286876226,9,2,3,4.332327792751443,39.5,11.616568364473356
9,4,2024-01-01 09:14:00,22.550830030246285,88.38955538924205,27,41,5.035817286876226,9,2,3,4.4327340338001795,34.0,12.858289111229485
9,4,2024-01-01 09:15:00,22.551003233721094,88.38946617905255,51,41,5.035817286876226,9,2,3,4.4343101964393865,46.0,10.819700151797164
9,4,2024-01-01 09:16:00,22.550848606960407,88.38990231537495,48,41,5.035817286876226,9,2,3,4.464776051108891,44.5,11.055740052416304
9,4,2024-01-01 09:17:00,22.551604563725405,88.3894406948539,38,41,5.035817286876226,9,2,3,4.4656788762338415,39.5,11.819126972294718
9,4,2024-01-01 09:18:00,22.552230847734368,88.38961755733482,35,41,5.035817286876226,9,2,3,4.517025045640524,38.0,12.167962095782315
9,4,2024-01-01 09:19:00,22.55193428795706,88.38949791799222,31,41,5.035817286876226,9,2,3,4.489479287247754,36.0,12.518282765622482
